**************************************************
Report         : matched_points

Reference      : r:/WORK/fft_top
Implementation : i:/WORK/fft_top
Version        : V-2023.12-SP5
Date           : Tue Jul 22 10:51:37 2025
**************************************************

1074 Matched points:

  Ref  DFF        Name(Last) r:/WORK/fft_top/butterfly_0/Ai_F_reg[0]
  Impl DFF        Name(Last) i:/WORK/fft_top/butterfly_0/Ai_F_reg[0]

  Ref  DFF        Name(Last) r:/WORK/fft_top/butterfly_0/Ai_F_reg[10]
  Impl DFF        Name(Last) i:/WORK/fft_top/butterfly_0/Ai_F_reg[10]

  Ref  DFF        Name(Last) r:/WORK/fft_top/butterfly_0/Ai_F_reg[11]
  Impl DFF        Name(Last) i:/WORK/fft_top/butterfly_0/Ai_F_reg[11]

  Ref  DFF        Name(Last) r:/WORK/fft_top/butterfly_0/Ai_F_reg[12]
  Impl DFF        Name(Last) i:/WORK/fft_top/butterfly_0/Ai_F_reg[12]

  Ref  DFF        Name(Last) r:/WORK/fft_top/butterfly_0/Ai_F_reg[13]
  Impl DFF        Name(Last) i:/WORK/fft_top/butterfly_0/Ai_F_reg[13]

  Ref  DFF        Name(Last) r:/WORK/fft_top/butterfly_0/Ai_F_reg[14]
  Impl DFF        Name(Last) i:/WORK/fft_top/butterfly_0/Ai_F_reg[14]

  Ref  DFF        Name(Last) r:/WORK/fft_top/butterfly_0/Ai_F_reg[15]
  Impl DFF        Name(Last) i:/WORK/fft_top/butterfly_0/Ai_F_reg[15]

  Ref  DFF        Name(Last) r:/WORK/fft_top/butterfly_0/Ai_F_reg[1]
  Impl DFF        Name(Last) i:/WORK/fft_top/butterfly_0/Ai_F_reg[1]

  Ref  DFF        Name(Last) r:/WORK/fft_top/butterfly_0/Ai_F_reg[2]
  Impl DFF        Name(Last) i:/WORK/fft_top/butterfly_0/Ai_F_reg[2]

  Ref  DFF        Name(Last) r:/WORK/fft_top/butterfly_0/Ai_F_reg[3]
  Impl DFF        Name(Last) i:/WORK/fft_top/butterfly_0/Ai_F_reg[3]

  Ref  DFF        Name(Last) r:/WORK/fft_top/butterfly_0/Ai_F_reg[4]
  Impl DFF        Name(Last) i:/WORK/fft_top/butterfly_0/Ai_F_reg[4]

  Ref  DFF        Name(Last) r:/WORK/fft_top/butterfly_0/Ai_F_reg[5]
  Impl DFF        Name(Last) i:/WORK/fft_top/butterfly_0/Ai_F_reg[5]

  Ref  DFF        Name(Last) r:/WORK/fft_top/butterfly_0/Ai_F_reg[6]
  Impl DFF        Name(Last) i:/WORK/fft_top/butterfly_0/Ai_F_reg[6]

  Ref  DFF        Name(Last) r:/WORK/fft_top/butterfly_0/Ai_F_reg[7]
  Impl DFF        Name(Last) i:/WORK/fft_top/butterfly_0/Ai_F_reg[7]

  Ref  DFF        Name(Last) r:/WORK/fft_top/butterfly_0/Ai_F_reg[8]
  Impl DFF        Name(Last) i:/WORK/fft_top/butterfly_0/Ai_F_reg[8]

  Ref  DFF        Name(Last) r:/WORK/fft_top/butterfly_0/Ai_F_reg[9]
  Impl DFF        Name(Last) i:/WORK/fft_top/butterfly_0/Ai_F_reg[9]

  Ref  DFF        Name(Last) r:/WORK/fft_top/butterfly_0/Ai_Fd2_reg[0]
  Impl DFF        Name(Last) i:/WORK/fft_top/butterfly_0/Ai_Fd2_reg[0]

  Ref  DFF        Name(Last) r:/WORK/fft_top/butterfly_0/Ai_Fd2_reg[10]
  Impl DFF        Name(Last) i:/WORK/fft_top/butterfly_0/Ai_Fd2_reg[10]

  Ref  DFF        Name(Last) r:/WORK/fft_top/butterfly_0/Ai_Fd2_reg[11]
  Impl DFF        Name(Last) i:/WORK/fft_top/butterfly_0/Ai_Fd2_reg[11]

  Ref  DFF        Name(Last) r:/WORK/fft_top/butterfly_0/Ai_Fd2_reg[12]
  Impl DFF        Name(Last) i:/WORK/fft_top/butterfly_0/Ai_Fd2_reg[12]

  Ref  DFF        Name(Last) r:/WORK/fft_top/butterfly_0/Ai_Fd2_reg[13]
  Impl DFF        Name(Last) i:/WORK/fft_top/butterfly_0/Ai_Fd2_reg[13]

  Ref  DFF        Name(Last) r:/WORK/fft_top/butterfly_0/Ai_Fd2_reg[14]
  Impl DFF        Name(Last) i:/WORK/fft_top/butterfly_0/Ai_Fd2_reg[14]

  Ref  DFF        Name(Last) r:/WORK/fft_top/butterfly_0/Ai_Fd2_reg[15]
  Impl DFF        Name(Last) i:/WORK/fft_top/butterfly_0/Ai_Fd2_reg[15]

  Ref  DFF        Name(Last) r:/WORK/fft_top/butterfly_0/Ai_Fd2_reg[1]
  Impl DFF        Name(Last) i:/WORK/fft_top/butterfly_0/Ai_Fd2_reg[1]

  Ref  DFF        Name(Last) r:/WORK/fft_top/butterfly_0/Ai_Fd2_reg[2]
  Impl DFF        Name(Last) i:/WORK/fft_top/butterfly_0/Ai_Fd2_reg[2]

  Ref  DFF        Name(Last) r:/WORK/fft_top/butterfly_0/Ai_Fd2_reg[3]
  Impl DFF        Name(Last) i:/WORK/fft_top/butterfly_0/Ai_Fd2_reg[3]

  Ref  DFF        Name(Last) r:/WORK/fft_top/butterfly_0/Ai_Fd2_reg[4]
  Impl DFF        Name(Last) i:/WORK/fft_top/butterfly_0/Ai_Fd2_reg[4]

  Ref  DFF        Name(Last) r:/WORK/fft_top/butterfly_0/Ai_Fd2_reg[5]
  Impl DFF        Name(Last) i:/WORK/fft_top/butterfly_0/Ai_Fd2_reg[5]

  Ref  DFF        Name(Last) r:/WORK/fft_top/butterfly_0/Ai_Fd2_reg[6]
  Impl DFF        Name(Last) i:/WORK/fft_top/butterfly_0/Ai_Fd2_reg[6]

  Ref  DFF        Name(Last) r:/WORK/fft_top/butterfly_0/Ai_Fd2_reg[7]
  Impl DFF        Name(Last) i:/WORK/fft_top/butterfly_0/Ai_Fd2_reg[7]

  Ref  DFF        Name(Last) r:/WORK/fft_top/butterfly_0/Ai_Fd2_reg[8]
  Impl DFF        Name(Last) i:/WORK/fft_top/butterfly_0/Ai_Fd2_reg[8]

  Ref  DFF        Name(Last) r:/WORK/fft_top/butterfly_0/Ai_Fd2_reg[9]
  Impl DFF        Name(Last) i:/WORK/fft_top/butterfly_0/Ai_Fd2_reg[9]

  Ref  DFF        Name(Last) r:/WORK/fft_top/butterfly_0/Ar_F_reg[0]
  Impl DFF        Name(Last) i:/WORK/fft_top/butterfly_0/Ar_F_reg[0]

  Ref  DFF        Name(Last) r:/WORK/fft_top/butterfly_0/Ar_F_reg[10]
  Impl DFF        Name(Last) i:/WORK/fft_top/butterfly_0/Ar_F_reg[10]

  Ref  DFF        Name(Last) r:/WORK/fft_top/butterfly_0/Ar_F_reg[11]
  Impl DFF        Name(Last) i:/WORK/fft_top/butterfly_0/Ar_F_reg[11]

  Ref  DFF        Name(Last) r:/WORK/fft_top/butterfly_0/Ar_F_reg[12]
  Impl DFF        Name(Last) i:/WORK/fft_top/butterfly_0/Ar_F_reg[12]

  Ref  DFF        Name(Last) r:/WORK/fft_top/butterfly_0/Ar_F_reg[13]
  Impl DFF        Name(Last) i:/WORK/fft_top/butterfly_0/Ar_F_reg[13]

  Ref  DFF        Name(Last) r:/WORK/fft_top/butterfly_0/Ar_F_reg[14]
  Impl DFF        Name(Last) i:/WORK/fft_top/butterfly_0/Ar_F_reg[14]

  Ref  DFF        Name(Last) r:/WORK/fft_top/butterfly_0/Ar_F_reg[15]
  Impl DFF        Name(Last) i:/WORK/fft_top/butterfly_0/Ar_F_reg[15]

  Ref  DFF        Name(Last) r:/WORK/fft_top/butterfly_0/Ar_F_reg[1]
  Impl DFF        Name(Last) i:/WORK/fft_top/butterfly_0/Ar_F_reg[1]

  Ref  DFF        Name(Last) r:/WORK/fft_top/butterfly_0/Ar_F_reg[2]
  Impl DFF        Name(Last) i:/WORK/fft_top/butterfly_0/Ar_F_reg[2]

  Ref  DFF        Name(Last) r:/WORK/fft_top/butterfly_0/Ar_F_reg[3]
  Impl DFF        Name(Last) i:/WORK/fft_top/butterfly_0/Ar_F_reg[3]

  Ref  DFF        Name(Last) r:/WORK/fft_top/butterfly_0/Ar_F_reg[4]
  Impl DFF        Name(Last) i:/WORK/fft_top/butterfly_0/Ar_F_reg[4]

  Ref  DFF        Name(Last) r:/WORK/fft_top/butterfly_0/Ar_F_reg[5]
  Impl DFF        Name(Last) i:/WORK/fft_top/butterfly_0/Ar_F_reg[5]

  Ref  DFF        Name(Last) r:/WORK/fft_top/butterfly_0/Ar_F_reg[6]
  Impl DFF        Name(Last) i:/WORK/fft_top/butterfly_0/Ar_F_reg[6]

  Ref  DFF        Name(Last) r:/WORK/fft_top/butterfly_0/Ar_F_reg[7]
  Impl DFF        Name(Last) i:/WORK/fft_top/butterfly_0/Ar_F_reg[7]

  Ref  DFF        Name(Last) r:/WORK/fft_top/butterfly_0/Ar_F_reg[8]
  Impl DFF        Name(Last) i:/WORK/fft_top/butterfly_0/Ar_F_reg[8]

  Ref  DFF        Name(Last) r:/WORK/fft_top/butterfly_0/Ar_F_reg[9]
  Impl DFF        Name(Last) i:/WORK/fft_top/butterfly_0/Ar_F_reg[9]

  Ref  DFF        Name(Last) r:/WORK/fft_top/butterfly_0/Ar_Fd2_reg[0]
  Impl DFF        Name(Last) i:/WORK/fft_top/butterfly_0/Ar_Fd2_reg[0]

  Ref  DFF        Name(Last) r:/WORK/fft_top/butterfly_0/Ar_Fd2_reg[10]
  Impl DFF        Name(Last) i:/WORK/fft_top/butterfly_0/Ar_Fd2_reg[10]

  Ref  DFF        Name(Last) r:/WORK/fft_top/butterfly_0/Ar_Fd2_reg[11]
  Impl DFF        Name(Last) i:/WORK/fft_top/butterfly_0/Ar_Fd2_reg[11]

  Ref  DFF        Name(Last) r:/WORK/fft_top/butterfly_0/Ar_Fd2_reg[12]
  Impl DFF        Name(Last) i:/WORK/fft_top/butterfly_0/Ar_Fd2_reg[12]

  Ref  DFF        Name(Last) r:/WORK/fft_top/butterfly_0/Ar_Fd2_reg[13]
  Impl DFF        Name(Last) i:/WORK/fft_top/butterfly_0/Ar_Fd2_reg[13]

  Ref  DFF        Name(Last) r:/WORK/fft_top/butterfly_0/Ar_Fd2_reg[14]
  Impl DFF        Name(Last) i:/WORK/fft_top/butterfly_0/Ar_Fd2_reg[14]

  Ref  DFF        Name(Last) r:/WORK/fft_top/butterfly_0/Ar_Fd2_reg[15]
  Impl DFF        Name(Last) i:/WORK/fft_top/butterfly_0/Ar_Fd2_reg[15]

  Ref  DFF        Name(Last) r:/WORK/fft_top/butterfly_0/Ar_Fd2_reg[1]
  Impl DFF        Name(Last) i:/WORK/fft_top/butterfly_0/Ar_Fd2_reg[1]

  Ref  DFF        Name(Last) r:/WORK/fft_top/butterfly_0/Ar_Fd2_reg[2]
  Impl DFF        Name(Last) i:/WORK/fft_top/butterfly_0/Ar_Fd2_reg[2]

  Ref  DFF        Name(Last) r:/WORK/fft_top/butterfly_0/Ar_Fd2_reg[3]
  Impl DFF        Name(Last) i:/WORK/fft_top/butterfly_0/Ar_Fd2_reg[3]

  Ref  DFF        Name(Last) r:/WORK/fft_top/butterfly_0/Ar_Fd2_reg[4]
  Impl DFF        Name(Last) i:/WORK/fft_top/butterfly_0/Ar_Fd2_reg[4]

  Ref  DFF        Name(Last) r:/WORK/fft_top/butterfly_0/Ar_Fd2_reg[5]
  Impl DFF        Name(Last) i:/WORK/fft_top/butterfly_0/Ar_Fd2_reg[5]

  Ref  DFF        Name(Last) r:/WORK/fft_top/butterfly_0/Ar_Fd2_reg[6]
  Impl DFF        Name(Last) i:/WORK/fft_top/butterfly_0/Ar_Fd2_reg[6]

  Ref  DFF        Name(Last) r:/WORK/fft_top/butterfly_0/Ar_Fd2_reg[7]
  Impl DFF        Name(Last) i:/WORK/fft_top/butterfly_0/Ar_Fd2_reg[7]

  Ref  DFF        Name(Last) r:/WORK/fft_top/butterfly_0/Ar_Fd2_reg[8]
  Impl DFF        Name(Last) i:/WORK/fft_top/butterfly_0/Ar_Fd2_reg[8]

  Ref  DFF        Name(Last) r:/WORK/fft_top/butterfly_0/Ar_Fd2_reg[9]
  Impl DFF        Name(Last) i:/WORK/fft_top/butterfly_0/Ar_Fd2_reg[9]

  Ref  DFF        Name(Last) r:/WORK/fft_top/butterfly_0/Bi_F_reg[0]
  Impl DFF        Name(Last) i:/WORK/fft_top/butterfly_0/Bi_F_reg[0]

  Ref  DFF        Name(Last) r:/WORK/fft_top/butterfly_0/Bi_F_reg[10]
  Impl DFF        Name(Last) i:/WORK/fft_top/butterfly_0/Bi_F_reg[10]

  Ref  DFF        Name(Last) r:/WORK/fft_top/butterfly_0/Bi_F_reg[11]
  Impl DFF        Name(Last) i:/WORK/fft_top/butterfly_0/Bi_F_reg[11]

  Ref  DFF        Name(Last) r:/WORK/fft_top/butterfly_0/Bi_F_reg[12]
  Impl DFF        Name(Last) i:/WORK/fft_top/butterfly_0/Bi_F_reg[12]

  Ref  DFF        Name(Last) r:/WORK/fft_top/butterfly_0/Bi_F_reg[13]
  Impl DFF        Name(Last) i:/WORK/fft_top/butterfly_0/Bi_F_reg[13]

  Ref  DFF        Name(Last) r:/WORK/fft_top/butterfly_0/Bi_F_reg[14]
  Impl DFF        Name(Last) i:/WORK/fft_top/butterfly_0/Bi_F_reg[14]

  Ref  DFF        Name(Last) r:/WORK/fft_top/butterfly_0/Bi_F_reg[15]
  Impl DFF        Name(Last) i:/WORK/fft_top/butterfly_0/Bi_F_reg[15]

  Ref  DFF        Name(Last) r:/WORK/fft_top/butterfly_0/Bi_F_reg[1]
  Impl DFF        Name(Last) i:/WORK/fft_top/butterfly_0/Bi_F_reg[1]

  Ref  DFF        Name(Last) r:/WORK/fft_top/butterfly_0/Bi_F_reg[2]
  Impl DFF        Name(Last) i:/WORK/fft_top/butterfly_0/Bi_F_reg[2]

  Ref  DFF        Name(Last) r:/WORK/fft_top/butterfly_0/Bi_F_reg[3]
  Impl DFF        Name(Last) i:/WORK/fft_top/butterfly_0/Bi_F_reg[3]

  Ref  DFF        Name(Last) r:/WORK/fft_top/butterfly_0/Bi_F_reg[4]
  Impl DFF        Name(Last) i:/WORK/fft_top/butterfly_0/Bi_F_reg[4]

  Ref  DFF        Name(Last) r:/WORK/fft_top/butterfly_0/Bi_F_reg[5]
  Impl DFF        Name(Last) i:/WORK/fft_top/butterfly_0/Bi_F_reg[5]

  Ref  DFF        Name(Last) r:/WORK/fft_top/butterfly_0/Bi_F_reg[6]
  Impl DFF        Name(Last) i:/WORK/fft_top/butterfly_0/Bi_F_reg[6]

  Ref  DFF        Name(Last) r:/WORK/fft_top/butterfly_0/Bi_F_reg[7]
  Impl DFF        Name(Last) i:/WORK/fft_top/butterfly_0/Bi_F_reg[7]

  Ref  DFF        Name(Last) r:/WORK/fft_top/butterfly_0/Bi_F_reg[8]
  Impl DFF        Name(Last) i:/WORK/fft_top/butterfly_0/Bi_F_reg[8]

  Ref  DFF        Name(Last) r:/WORK/fft_top/butterfly_0/Bi_F_reg[9]
  Impl DFF        Name(Last) i:/WORK/fft_top/butterfly_0/Bi_F_reg[9]

  Ref  DFF        Name(Last) r:/WORK/fft_top/butterfly_0/Br_F_reg[0]
  Impl DFF        Name(Last) i:/WORK/fft_top/butterfly_0/Br_F_reg[0]

  Ref  DFF        Name(Last) r:/WORK/fft_top/butterfly_0/Br_F_reg[10]
  Impl DFF        Name(Last) i:/WORK/fft_top/butterfly_0/Br_F_reg[10]

  Ref  DFF        Name(Last) r:/WORK/fft_top/butterfly_0/Br_F_reg[11]
  Impl DFF        Name(Last) i:/WORK/fft_top/butterfly_0/Br_F_reg[11]

  Ref  DFF        Name(Last) r:/WORK/fft_top/butterfly_0/Br_F_reg[12]
  Impl DFF        Name(Last) i:/WORK/fft_top/butterfly_0/Br_F_reg[12]

  Ref  DFF        Name(Last) r:/WORK/fft_top/butterfly_0/Br_F_reg[13]
  Impl DFF        Name(Last) i:/WORK/fft_top/butterfly_0/Br_F_reg[13]

  Ref  DFF        Name(Last) r:/WORK/fft_top/butterfly_0/Br_F_reg[14]
  Impl DFF        Name(Last) i:/WORK/fft_top/butterfly_0/Br_F_reg[14]

  Ref  DFF        Name(Last) r:/WORK/fft_top/butterfly_0/Br_F_reg[15]
  Impl DFF        Name(Last) i:/WORK/fft_top/butterfly_0/Br_F_reg[15]

  Ref  DFF        Name(Last) r:/WORK/fft_top/butterfly_0/Br_F_reg[1]
  Impl DFF        Name(Last) i:/WORK/fft_top/butterfly_0/Br_F_reg[1]

  Ref  DFF        Name(Last) r:/WORK/fft_top/butterfly_0/Br_F_reg[2]
  Impl DFF        Name(Last) i:/WORK/fft_top/butterfly_0/Br_F_reg[2]

  Ref  DFF        Name(Last) r:/WORK/fft_top/butterfly_0/Br_F_reg[3]
  Impl DFF        Name(Last) i:/WORK/fft_top/butterfly_0/Br_F_reg[3]

  Ref  DFF        Name(Last) r:/WORK/fft_top/butterfly_0/Br_F_reg[4]
  Impl DFF        Name(Last) i:/WORK/fft_top/butterfly_0/Br_F_reg[4]

  Ref  DFF        Name(Last) r:/WORK/fft_top/butterfly_0/Br_F_reg[5]
  Impl DFF        Name(Last) i:/WORK/fft_top/butterfly_0/Br_F_reg[5]

  Ref  DFF        Name(Last) r:/WORK/fft_top/butterfly_0/Br_F_reg[6]
  Impl DFF        Name(Last) i:/WORK/fft_top/butterfly_0/Br_F_reg[6]

  Ref  DFF        Name(Last) r:/WORK/fft_top/butterfly_0/Br_F_reg[7]
  Impl DFF        Name(Last) i:/WORK/fft_top/butterfly_0/Br_F_reg[7]

  Ref  DFF        Name(Last) r:/WORK/fft_top/butterfly_0/Br_F_reg[8]
  Impl DFF        Name(Last) i:/WORK/fft_top/butterfly_0/Br_F_reg[8]

  Ref  DFF        Name(Last) r:/WORK/fft_top/butterfly_0/Br_F_reg[9]
  Impl DFF        Name(Last) i:/WORK/fft_top/butterfly_0/Br_F_reg[9]

  Ref  DFF        Name(Last) r:/WORK/fft_top/butterfly_0/Wi_F_reg[0]
  Impl DFF        Name(Last) i:/WORK/fft_top/butterfly_0/Wi_F_reg[0]

  Ref  DFF        Name(Last) r:/WORK/fft_top/butterfly_0/Wi_F_reg[10]
  Impl DFF        Name(Last) i:/WORK/fft_top/butterfly_0/Wi_F_reg[10]

  Ref  DFF        Name(Last) r:/WORK/fft_top/butterfly_0/Wi_F_reg[12]
  Impl DFF        Name(Last) i:/WORK/fft_top/butterfly_0/Wi_F_reg[12]

  Ref  DFF        Name(Last) r:/WORK/fft_top/butterfly_0/Wi_F_reg[13]
  Impl DFF        Name(Last) i:/WORK/fft_top/butterfly_0/Wi_F_reg[13]

  Ref  DFF        Name(Last) r:/WORK/fft_top/butterfly_0/Wi_F_reg[14]
  Impl DFF        Name(Last) i:/WORK/fft_top/butterfly_0/Wi_F_reg[14]

  Ref  DFF        Name(Last) r:/WORK/fft_top/butterfly_0/Wi_F_reg[1]
  Impl DFF        Name(Last) i:/WORK/fft_top/butterfly_0/Wi_F_reg[1]

  Ref  DFF        Name(Last) r:/WORK/fft_top/butterfly_0/Wi_F_reg[6]
  Impl DFF        Name(Last) i:/WORK/fft_top/butterfly_0/Wi_F_reg[6]

  Ref  DFF        Name(Last) r:/WORK/fft_top/butterfly_0/Wi_F_reg[9]
  Impl DFF        Name(Last) i:/WORK/fft_top/butterfly_0/Wi_F_reg[9]

  Ref  DFF        Name(Last) r:/WORK/fft_top/butterfly_0/Wr_F_reg[10]
  Impl DFF        Name(Last) i:/WORK/fft_top/butterfly_0/Wr_F_reg[10]

  Ref  DFF        Name(Last) r:/WORK/fft_top/butterfly_0/Wr_F_reg[11]
  Impl DFF        Name(Last) i:/WORK/fft_top/butterfly_0/Wr_F_reg[11]

  Ref  DFF        Name(Last) r:/WORK/fft_top/butterfly_0/Wr_F_reg[12]
  Impl DFF        Name(Last) i:/WORK/fft_top/butterfly_0/Wr_F_reg[12]

  Ref  DFF        Name(Last) r:/WORK/fft_top/butterfly_0/Wr_F_reg[13]
  Impl DFF        Name(Last) i:/WORK/fft_top/butterfly_0/Wr_F_reg[13]

  Ref  DFF        Name(Last) r:/WORK/fft_top/butterfly_0/Wr_F_reg[14]
  Impl DFF        Name(Last) i:/WORK/fft_top/butterfly_0/Wr_F_reg[14]

  Ref  DFF        Name(Last) r:/WORK/fft_top/butterfly_0/Wr_F_reg[15]
  Impl DFF        Name(Last) i:/WORK/fft_top/butterfly_0/Wr_F_reg[15]

  Ref  DFF        Name(Last) r:/WORK/fft_top/butterfly_0/Wr_F_reg[1]
  Impl DFF        Name(Last) i:/WORK/fft_top/butterfly_0/Wr_F_reg[1]

  Ref  DFF        Name(Last) r:/WORK/fft_top/butterfly_0/Wr_F_reg[2]
  Impl DFF        Name(Last) i:/WORK/fft_top/butterfly_0/Wr_F_reg[2]

  Ref  DFF        Name(Last) r:/WORK/fft_top/butterfly_0/Wr_F_reg[6]
  Impl DFF        Name(Last) i:/WORK/fft_top/butterfly_0/Wr_F_reg[6]

  Ref  DFF        Name(Last) r:/WORK/fft_top/butterfly_0/Wr_F_reg[9]
  Impl DFF        Name(Last) i:/WORK/fft_top/butterfly_0/Wr_F_reg[9]

  Ref  DFF        Name(Last) r:/WORK/fft_top/butterfly_0/Xi_F_reg[0]
  Impl DFF        Name(Last) i:/WORK/fft_top/butterfly_0/Xi_F_reg[0]

  Ref  DFF        Name(Last) r:/WORK/fft_top/butterfly_0/Xi_F_reg[10]
  Impl DFF        Name(Last) i:/WORK/fft_top/butterfly_0/Xi_F_reg[10]

  Ref  DFF        Name(Last) r:/WORK/fft_top/butterfly_0/Xi_F_reg[11]
  Impl DFF        Name(Last) i:/WORK/fft_top/butterfly_0/Xi_F_reg[11]

  Ref  DFF        Name(Last) r:/WORK/fft_top/butterfly_0/Xi_F_reg[12]
  Impl DFF        Name(Last) i:/WORK/fft_top/butterfly_0/Xi_F_reg[12]

  Ref  DFF        Name(Last) r:/WORK/fft_top/butterfly_0/Xi_F_reg[13]
  Impl DFF        Name(Last) i:/WORK/fft_top/butterfly_0/Xi_F_reg[13]

  Ref  DFF        Name(Last) r:/WORK/fft_top/butterfly_0/Xi_F_reg[14]
  Impl DFF        Name(Last) i:/WORK/fft_top/butterfly_0/Xi_F_reg[14]

  Ref  DFF        Name(Last) r:/WORK/fft_top/butterfly_0/Xi_F_reg[15]
  Impl DFF        Name(Last) i:/WORK/fft_top/butterfly_0/Xi_F_reg[15]

  Ref  DFF        Name(Last) r:/WORK/fft_top/butterfly_0/Xi_F_reg[1]
  Impl DFF        Name(Last) i:/WORK/fft_top/butterfly_0/Xi_F_reg[1]

  Ref  DFF        Name(Last) r:/WORK/fft_top/butterfly_0/Xi_F_reg[2]
  Impl DFF        Name(Last) i:/WORK/fft_top/butterfly_0/Xi_F_reg[2]

  Ref  DFF        Name(Last) r:/WORK/fft_top/butterfly_0/Xi_F_reg[3]
  Impl DFF        Name(Last) i:/WORK/fft_top/butterfly_0/Xi_F_reg[3]

  Ref  DFF        Name(Last) r:/WORK/fft_top/butterfly_0/Xi_F_reg[4]
  Impl DFF        Name(Last) i:/WORK/fft_top/butterfly_0/Xi_F_reg[4]

  Ref  DFF        Name(Last) r:/WORK/fft_top/butterfly_0/Xi_F_reg[5]
  Impl DFF        Name(Last) i:/WORK/fft_top/butterfly_0/Xi_F_reg[5]

  Ref  DFF        Name(Last) r:/WORK/fft_top/butterfly_0/Xi_F_reg[6]
  Impl DFF        Name(Last) i:/WORK/fft_top/butterfly_0/Xi_F_reg[6]

  Ref  DFF        Name(Last) r:/WORK/fft_top/butterfly_0/Xi_F_reg[7]
  Impl DFF        Name(Last) i:/WORK/fft_top/butterfly_0/Xi_F_reg[7]

  Ref  DFF        Name(Last) r:/WORK/fft_top/butterfly_0/Xi_F_reg[8]
  Impl DFF        Name(Last) i:/WORK/fft_top/butterfly_0/Xi_F_reg[8]

  Ref  DFF        Name(Last) r:/WORK/fft_top/butterfly_0/Xi_F_reg[9]
  Impl DFF        Name(Last) i:/WORK/fft_top/butterfly_0/Xi_F_reg[9]

  Ref  DFF        Name(Last) r:/WORK/fft_top/butterfly_0/Xi_full_F_reg[13]
  Impl DFF        Name(Last) i:/WORK/fft_top/butterfly_0/Xi_full_F_reg[13]

  Ref  DFF        Name(Last) r:/WORK/fft_top/butterfly_0/Xi_full_F_reg[14]
  Impl DFF        Name(Last) i:/WORK/fft_top/butterfly_0/Xi_full_F_reg[14]

  Ref  DFF        Name(Last) r:/WORK/fft_top/butterfly_0/Xi_full_F_reg[15]
  Impl DFF        Name(Last) i:/WORK/fft_top/butterfly_0/Xi_full_F_reg[15]

  Ref  DFF        Name(Last) r:/WORK/fft_top/butterfly_0/Xi_full_F_reg[16]
  Impl DFF        Name(Last) i:/WORK/fft_top/butterfly_0/Xi_full_F_reg[16]

  Ref  DFF        Name(Last) r:/WORK/fft_top/butterfly_0/Xi_full_F_reg[17]
  Impl DFF        Name(Last) i:/WORK/fft_top/butterfly_0/Xi_full_F_reg[17]

  Ref  DFF        Name(Last) r:/WORK/fft_top/butterfly_0/Xi_full_F_reg[18]
  Impl DFF        Name(Last) i:/WORK/fft_top/butterfly_0/Xi_full_F_reg[18]

  Ref  DFF        Name(Last) r:/WORK/fft_top/butterfly_0/Xi_full_F_reg[19]
  Impl DFF        Name(Last) i:/WORK/fft_top/butterfly_0/Xi_full_F_reg[19]

  Ref  DFF        Name(Last) r:/WORK/fft_top/butterfly_0/Xi_full_F_reg[20]
  Impl DFF        Name(Last) i:/WORK/fft_top/butterfly_0/Xi_full_F_reg[20]

  Ref  DFF        Name(Last) r:/WORK/fft_top/butterfly_0/Xi_full_F_reg[21]
  Impl DFF        Name(Last) i:/WORK/fft_top/butterfly_0/Xi_full_F_reg[21]

  Ref  DFF        Name(Last) r:/WORK/fft_top/butterfly_0/Xi_full_F_reg[22]
  Impl DFF        Name(Last) i:/WORK/fft_top/butterfly_0/Xi_full_F_reg[22]

  Ref  DFF        Name(Last) r:/WORK/fft_top/butterfly_0/Xi_full_F_reg[23]
  Impl DFF        Name(Last) i:/WORK/fft_top/butterfly_0/Xi_full_F_reg[23]

  Ref  DFF        Name(Last) r:/WORK/fft_top/butterfly_0/Xi_full_F_reg[24]
  Impl DFF        Name(Last) i:/WORK/fft_top/butterfly_0/Xi_full_F_reg[24]

  Ref  DFF        Name(Last) r:/WORK/fft_top/butterfly_0/Xi_full_F_reg[25]
  Impl DFF        Name(Last) i:/WORK/fft_top/butterfly_0/Xi_full_F_reg[25]

  Ref  DFF        Name(Last) r:/WORK/fft_top/butterfly_0/Xi_full_F_reg[26]
  Impl DFF        Name(Last) i:/WORK/fft_top/butterfly_0/Xi_full_F_reg[26]

  Ref  DFF        Name(Last) r:/WORK/fft_top/butterfly_0/Xi_full_F_reg[27]
  Impl DFF        Name(Last) i:/WORK/fft_top/butterfly_0/Xi_full_F_reg[27]

  Ref  DFF        Name(Last) r:/WORK/fft_top/butterfly_0/Xi_full_F_reg[28]
  Impl DFF        Name(Last) i:/WORK/fft_top/butterfly_0/Xi_full_F_reg[28]

  Ref  DFF        Name(Last) r:/WORK/fft_top/butterfly_0/Xr_F_reg[0]
  Impl DFF        Name(Last) i:/WORK/fft_top/butterfly_0/Xr_F_reg[0]

  Ref  DFF        Name(Last) r:/WORK/fft_top/butterfly_0/Xr_F_reg[10]
  Impl DFF        Name(Last) i:/WORK/fft_top/butterfly_0/Xr_F_reg[10]

  Ref  DFF        Name(Last) r:/WORK/fft_top/butterfly_0/Xr_F_reg[11]
  Impl DFF        Name(Last) i:/WORK/fft_top/butterfly_0/Xr_F_reg[11]

  Ref  DFF        Name(Last) r:/WORK/fft_top/butterfly_0/Xr_F_reg[12]
  Impl DFF        Name(Last) i:/WORK/fft_top/butterfly_0/Xr_F_reg[12]

  Ref  DFF        Name(Last) r:/WORK/fft_top/butterfly_0/Xr_F_reg[13]
  Impl DFF        Name(Last) i:/WORK/fft_top/butterfly_0/Xr_F_reg[13]

  Ref  DFF        Name(Last) r:/WORK/fft_top/butterfly_0/Xr_F_reg[14]
  Impl DFF        Name(Last) i:/WORK/fft_top/butterfly_0/Xr_F_reg[14]

  Ref  DFF        Name(Last) r:/WORK/fft_top/butterfly_0/Xr_F_reg[15]
  Impl DFF        Name(Last) i:/WORK/fft_top/butterfly_0/Xr_F_reg[15]

  Ref  DFF        Name(Last) r:/WORK/fft_top/butterfly_0/Xr_F_reg[1]
  Impl DFF        Name(Last) i:/WORK/fft_top/butterfly_0/Xr_F_reg[1]

  Ref  DFF        Name(Last) r:/WORK/fft_top/butterfly_0/Xr_F_reg[2]
  Impl DFF        Name(Last) i:/WORK/fft_top/butterfly_0/Xr_F_reg[2]

  Ref  DFF        Name(Last) r:/WORK/fft_top/butterfly_0/Xr_F_reg[3]
  Impl DFF        Name(Last) i:/WORK/fft_top/butterfly_0/Xr_F_reg[3]

  Ref  DFF        Name(Last) r:/WORK/fft_top/butterfly_0/Xr_F_reg[4]
  Impl DFF        Name(Last) i:/WORK/fft_top/butterfly_0/Xr_F_reg[4]

  Ref  DFF        Name(Last) r:/WORK/fft_top/butterfly_0/Xr_F_reg[5]
  Impl DFF        Name(Last) i:/WORK/fft_top/butterfly_0/Xr_F_reg[5]

  Ref  DFF        Name(Last) r:/WORK/fft_top/butterfly_0/Xr_F_reg[6]
  Impl DFF        Name(Last) i:/WORK/fft_top/butterfly_0/Xr_F_reg[6]

  Ref  DFF        Name(Last) r:/WORK/fft_top/butterfly_0/Xr_F_reg[7]
  Impl DFF        Name(Last) i:/WORK/fft_top/butterfly_0/Xr_F_reg[7]

  Ref  DFF        Name(Last) r:/WORK/fft_top/butterfly_0/Xr_F_reg[8]
  Impl DFF        Name(Last) i:/WORK/fft_top/butterfly_0/Xr_F_reg[8]

  Ref  DFF        Name(Last) r:/WORK/fft_top/butterfly_0/Xr_F_reg[9]
  Impl DFF        Name(Last) i:/WORK/fft_top/butterfly_0/Xr_F_reg[9]

  Ref  DFF        Name(Last) r:/WORK/fft_top/butterfly_0/Xr_full_F_reg[13]
  Impl DFF        Name(Last) i:/WORK/fft_top/butterfly_0/Xr_full_F_reg[13]

  Ref  DFF        Name(Last) r:/WORK/fft_top/butterfly_0/Xr_full_F_reg[14]
  Impl DFF        Name(Last) i:/WORK/fft_top/butterfly_0/Xr_full_F_reg[14]

  Ref  DFF        Name(Last) r:/WORK/fft_top/butterfly_0/Xr_full_F_reg[15]
  Impl DFF        Name(Last) i:/WORK/fft_top/butterfly_0/Xr_full_F_reg[15]

  Ref  DFF        Name(Last) r:/WORK/fft_top/butterfly_0/Xr_full_F_reg[16]
  Impl DFF        Name(Last) i:/WORK/fft_top/butterfly_0/Xr_full_F_reg[16]

  Ref  DFF        Name(Last) r:/WORK/fft_top/butterfly_0/Xr_full_F_reg[17]
  Impl DFF        Name(Last) i:/WORK/fft_top/butterfly_0/Xr_full_F_reg[17]

  Ref  DFF        Name(Last) r:/WORK/fft_top/butterfly_0/Xr_full_F_reg[18]
  Impl DFF        Name(Last) i:/WORK/fft_top/butterfly_0/Xr_full_F_reg[18]

  Ref  DFF        Name(Last) r:/WORK/fft_top/butterfly_0/Xr_full_F_reg[19]
  Impl DFF        Name(Last) i:/WORK/fft_top/butterfly_0/Xr_full_F_reg[19]

  Ref  DFF        Name(Last) r:/WORK/fft_top/butterfly_0/Xr_full_F_reg[20]
  Impl DFF        Name(Last) i:/WORK/fft_top/butterfly_0/Xr_full_F_reg[20]

  Ref  DFF        Name(Last) r:/WORK/fft_top/butterfly_0/Xr_full_F_reg[21]
  Impl DFF        Name(Last) i:/WORK/fft_top/butterfly_0/Xr_full_F_reg[21]

  Ref  DFF        Name(Last) r:/WORK/fft_top/butterfly_0/Xr_full_F_reg[22]
  Impl DFF        Name(Last) i:/WORK/fft_top/butterfly_0/Xr_full_F_reg[22]

  Ref  DFF        Name(Last) r:/WORK/fft_top/butterfly_0/Xr_full_F_reg[23]
  Impl DFF        Name(Last) i:/WORK/fft_top/butterfly_0/Xr_full_F_reg[23]

  Ref  DFF        Name(Last) r:/WORK/fft_top/butterfly_0/Xr_full_F_reg[24]
  Impl DFF        Name(Last) i:/WORK/fft_top/butterfly_0/Xr_full_F_reg[24]

  Ref  DFF        Name(Last) r:/WORK/fft_top/butterfly_0/Xr_full_F_reg[25]
  Impl DFF        Name(Last) i:/WORK/fft_top/butterfly_0/Xr_full_F_reg[25]

  Ref  DFF        Name(Last) r:/WORK/fft_top/butterfly_0/Xr_full_F_reg[26]
  Impl DFF        Name(Last) i:/WORK/fft_top/butterfly_0/Xr_full_F_reg[26]

  Ref  DFF        Name(Last) r:/WORK/fft_top/butterfly_0/Xr_full_F_reg[27]
  Impl DFF        Name(Last) i:/WORK/fft_top/butterfly_0/Xr_full_F_reg[27]

  Ref  DFF        Name(Last) r:/WORK/fft_top/butterfly_0/Xr_full_F_reg[28]
  Impl DFF        Name(Last) i:/WORK/fft_top/butterfly_0/Xr_full_F_reg[28]

  Ref  DFF        Name(Last) r:/WORK/fft_top/butterfly_0/Yi_F_reg[0]
  Impl DFF        Name(Last) i:/WORK/fft_top/butterfly_0/Yi_F_reg[0]

  Ref  DFF        Name(Last) r:/WORK/fft_top/butterfly_0/Yi_F_reg[10]
  Impl DFF        Name(Last) i:/WORK/fft_top/butterfly_0/Yi_F_reg[10]

  Ref  DFF        Name(Last) r:/WORK/fft_top/butterfly_0/Yi_F_reg[11]
  Impl DFF        Name(Last) i:/WORK/fft_top/butterfly_0/Yi_F_reg[11]

  Ref  DFF        Name(Last) r:/WORK/fft_top/butterfly_0/Yi_F_reg[12]
  Impl DFF        Name(Last) i:/WORK/fft_top/butterfly_0/Yi_F_reg[12]

  Ref  DFF        Name(Last) r:/WORK/fft_top/butterfly_0/Yi_F_reg[13]
  Impl DFF        Name(Last) i:/WORK/fft_top/butterfly_0/Yi_F_reg[13]

  Ref  DFF        Name(Last) r:/WORK/fft_top/butterfly_0/Yi_F_reg[14]
  Impl DFF        Name(Last) i:/WORK/fft_top/butterfly_0/Yi_F_reg[14]

  Ref  DFF        Name(Last) r:/WORK/fft_top/butterfly_0/Yi_F_reg[15]
  Impl DFF        Name(Last) i:/WORK/fft_top/butterfly_0/Yi_F_reg[15]

  Ref  DFF        Name(Last) r:/WORK/fft_top/butterfly_0/Yi_F_reg[1]
  Impl DFF        Name(Last) i:/WORK/fft_top/butterfly_0/Yi_F_reg[1]

  Ref  DFF        Name(Last) r:/WORK/fft_top/butterfly_0/Yi_F_reg[2]
  Impl DFF        Name(Last) i:/WORK/fft_top/butterfly_0/Yi_F_reg[2]

  Ref  DFF        Name(Last) r:/WORK/fft_top/butterfly_0/Yi_F_reg[3]
  Impl DFF        Name(Last) i:/WORK/fft_top/butterfly_0/Yi_F_reg[3]

  Ref  DFF        Name(Last) r:/WORK/fft_top/butterfly_0/Yi_F_reg[4]
  Impl DFF        Name(Last) i:/WORK/fft_top/butterfly_0/Yi_F_reg[4]

  Ref  DFF        Name(Last) r:/WORK/fft_top/butterfly_0/Yi_F_reg[5]
  Impl DFF        Name(Last) i:/WORK/fft_top/butterfly_0/Yi_F_reg[5]

  Ref  DFF        Name(Last) r:/WORK/fft_top/butterfly_0/Yi_F_reg[6]
  Impl DFF        Name(Last) i:/WORK/fft_top/butterfly_0/Yi_F_reg[6]

  Ref  DFF        Name(Last) r:/WORK/fft_top/butterfly_0/Yi_F_reg[7]
  Impl DFF        Name(Last) i:/WORK/fft_top/butterfly_0/Yi_F_reg[7]

  Ref  DFF        Name(Last) r:/WORK/fft_top/butterfly_0/Yi_F_reg[8]
  Impl DFF        Name(Last) i:/WORK/fft_top/butterfly_0/Yi_F_reg[8]

  Ref  DFF        Name(Last) r:/WORK/fft_top/butterfly_0/Yi_F_reg[9]
  Impl DFF        Name(Last) i:/WORK/fft_top/butterfly_0/Yi_F_reg[9]

  Ref  DFF        Name(Last) r:/WORK/fft_top/butterfly_0/Yi_full_F_reg[13]
  Impl DFF        Name(Last) i:/WORK/fft_top/butterfly_0/Yi_full_F_reg[13]

  Ref  DFF        Name(Last) r:/WORK/fft_top/butterfly_0/Yi_full_F_reg[14]
  Impl DFF        Name(Last) i:/WORK/fft_top/butterfly_0/Yi_full_F_reg[14]

  Ref  DFF        Name(Last) r:/WORK/fft_top/butterfly_0/Yi_full_F_reg[15]
  Impl DFF        Name(Last) i:/WORK/fft_top/butterfly_0/Yi_full_F_reg[15]

  Ref  DFF        Name(Last) r:/WORK/fft_top/butterfly_0/Yi_full_F_reg[16]
  Impl DFF        Name(Last) i:/WORK/fft_top/butterfly_0/Yi_full_F_reg[16]

  Ref  DFF        Name(Last) r:/WORK/fft_top/butterfly_0/Yi_full_F_reg[17]
  Impl DFF        Name(Last) i:/WORK/fft_top/butterfly_0/Yi_full_F_reg[17]

  Ref  DFF        Name(Last) r:/WORK/fft_top/butterfly_0/Yi_full_F_reg[18]
  Impl DFF        Name(Last) i:/WORK/fft_top/butterfly_0/Yi_full_F_reg[18]

  Ref  DFF        Name(Last) r:/WORK/fft_top/butterfly_0/Yi_full_F_reg[19]
  Impl DFF        Name(Last) i:/WORK/fft_top/butterfly_0/Yi_full_F_reg[19]

  Ref  DFF        Name(Last) r:/WORK/fft_top/butterfly_0/Yi_full_F_reg[20]
  Impl DFF        Name(Last) i:/WORK/fft_top/butterfly_0/Yi_full_F_reg[20]

  Ref  DFF        Name(Last) r:/WORK/fft_top/butterfly_0/Yi_full_F_reg[21]
  Impl DFF        Name(Last) i:/WORK/fft_top/butterfly_0/Yi_full_F_reg[21]

  Ref  DFF        Name(Last) r:/WORK/fft_top/butterfly_0/Yi_full_F_reg[22]
  Impl DFF        Name(Last) i:/WORK/fft_top/butterfly_0/Yi_full_F_reg[22]

  Ref  DFF        Name(Last) r:/WORK/fft_top/butterfly_0/Yi_full_F_reg[23]
  Impl DFF        Name(Last) i:/WORK/fft_top/butterfly_0/Yi_full_F_reg[23]

  Ref  DFF        Name(Last) r:/WORK/fft_top/butterfly_0/Yi_full_F_reg[24]
  Impl DFF        Name(Last) i:/WORK/fft_top/butterfly_0/Yi_full_F_reg[24]

  Ref  DFF        Name(Last) r:/WORK/fft_top/butterfly_0/Yi_full_F_reg[25]
  Impl DFF        Name(Last) i:/WORK/fft_top/butterfly_0/Yi_full_F_reg[25]

  Ref  DFF        Name(Last) r:/WORK/fft_top/butterfly_0/Yi_full_F_reg[26]
  Impl DFF        Name(Last) i:/WORK/fft_top/butterfly_0/Yi_full_F_reg[26]

  Ref  DFF        Name(Last) r:/WORK/fft_top/butterfly_0/Yi_full_F_reg[27]
  Impl DFF        Name(Last) i:/WORK/fft_top/butterfly_0/Yi_full_F_reg[27]

  Ref  DFF        Name(Last) r:/WORK/fft_top/butterfly_0/Yi_full_F_reg[28]
  Impl DFF        Name(Last) i:/WORK/fft_top/butterfly_0/Yi_full_F_reg[28]

  Ref  DFF        Name(Last) r:/WORK/fft_top/butterfly_0/Yr_F_reg[0]
  Impl DFF        Name(Last) i:/WORK/fft_top/butterfly_0/Yr_F_reg[0]

  Ref  DFF        Name(Last) r:/WORK/fft_top/butterfly_0/Yr_F_reg[10]
  Impl DFF        Name(Last) i:/WORK/fft_top/butterfly_0/Yr_F_reg[10]

  Ref  DFF        Name(Last) r:/WORK/fft_top/butterfly_0/Yr_F_reg[11]
  Impl DFF        Name(Last) i:/WORK/fft_top/butterfly_0/Yr_F_reg[11]

  Ref  DFF        Name(Last) r:/WORK/fft_top/butterfly_0/Yr_F_reg[12]
  Impl DFF        Name(Last) i:/WORK/fft_top/butterfly_0/Yr_F_reg[12]

  Ref  DFF        Name(Last) r:/WORK/fft_top/butterfly_0/Yr_F_reg[13]
  Impl DFF        Name(Last) i:/WORK/fft_top/butterfly_0/Yr_F_reg[13]

  Ref  DFF        Name(Last) r:/WORK/fft_top/butterfly_0/Yr_F_reg[14]
  Impl DFF        Name(Last) i:/WORK/fft_top/butterfly_0/Yr_F_reg[14]

  Ref  DFF        Name(Last) r:/WORK/fft_top/butterfly_0/Yr_F_reg[15]
  Impl DFF        Name(Last) i:/WORK/fft_top/butterfly_0/Yr_F_reg[15]

  Ref  DFF        Name(Last) r:/WORK/fft_top/butterfly_0/Yr_F_reg[1]
  Impl DFF        Name(Last) i:/WORK/fft_top/butterfly_0/Yr_F_reg[1]

  Ref  DFF        Name(Last) r:/WORK/fft_top/butterfly_0/Yr_F_reg[2]
  Impl DFF        Name(Last) i:/WORK/fft_top/butterfly_0/Yr_F_reg[2]

  Ref  DFF        Name(Last) r:/WORK/fft_top/butterfly_0/Yr_F_reg[3]
  Impl DFF        Name(Last) i:/WORK/fft_top/butterfly_0/Yr_F_reg[3]

  Ref  DFF        Name(Last) r:/WORK/fft_top/butterfly_0/Yr_F_reg[4]
  Impl DFF        Name(Last) i:/WORK/fft_top/butterfly_0/Yr_F_reg[4]

  Ref  DFF        Name(Last) r:/WORK/fft_top/butterfly_0/Yr_F_reg[5]
  Impl DFF        Name(Last) i:/WORK/fft_top/butterfly_0/Yr_F_reg[5]

  Ref  DFF        Name(Last) r:/WORK/fft_top/butterfly_0/Yr_F_reg[6]
  Impl DFF        Name(Last) i:/WORK/fft_top/butterfly_0/Yr_F_reg[6]

  Ref  DFF        Name(Last) r:/WORK/fft_top/butterfly_0/Yr_F_reg[7]
  Impl DFF        Name(Last) i:/WORK/fft_top/butterfly_0/Yr_F_reg[7]

  Ref  DFF        Name(Last) r:/WORK/fft_top/butterfly_0/Yr_F_reg[8]
  Impl DFF        Name(Last) i:/WORK/fft_top/butterfly_0/Yr_F_reg[8]

  Ref  DFF        Name(Last) r:/WORK/fft_top/butterfly_0/Yr_F_reg[9]
  Impl DFF        Name(Last) i:/WORK/fft_top/butterfly_0/Yr_F_reg[9]

  Ref  DFF        Name(Last) r:/WORK/fft_top/butterfly_0/Yr_full_F_reg[13]
  Impl DFF        Name(Last) i:/WORK/fft_top/butterfly_0/Yr_full_F_reg[13]

  Ref  DFF        Name(Last) r:/WORK/fft_top/butterfly_0/Yr_full_F_reg[14]
  Impl DFF        Name(Last) i:/WORK/fft_top/butterfly_0/Yr_full_F_reg[14]

  Ref  DFF        Name(Last) r:/WORK/fft_top/butterfly_0/Yr_full_F_reg[15]
  Impl DFF        Name(Last) i:/WORK/fft_top/butterfly_0/Yr_full_F_reg[15]

  Ref  DFF        Name(Last) r:/WORK/fft_top/butterfly_0/Yr_full_F_reg[16]
  Impl DFF        Name(Last) i:/WORK/fft_top/butterfly_0/Yr_full_F_reg[16]

  Ref  DFF        Name(Last) r:/WORK/fft_top/butterfly_0/Yr_full_F_reg[17]
  Impl DFF        Name(Last) i:/WORK/fft_top/butterfly_0/Yr_full_F_reg[17]

  Ref  DFF        Name(Last) r:/WORK/fft_top/butterfly_0/Yr_full_F_reg[18]
  Impl DFF        Name(Last) i:/WORK/fft_top/butterfly_0/Yr_full_F_reg[18]

  Ref  DFF        Name(Last) r:/WORK/fft_top/butterfly_0/Yr_full_F_reg[19]
  Impl DFF        Name(Last) i:/WORK/fft_top/butterfly_0/Yr_full_F_reg[19]

  Ref  DFF        Name(Last) r:/WORK/fft_top/butterfly_0/Yr_full_F_reg[20]
  Impl DFF        Name(Last) i:/WORK/fft_top/butterfly_0/Yr_full_F_reg[20]

  Ref  DFF        Name(Last) r:/WORK/fft_top/butterfly_0/Yr_full_F_reg[21]
  Impl DFF        Name(Last) i:/WORK/fft_top/butterfly_0/Yr_full_F_reg[21]

  Ref  DFF        Name(Last) r:/WORK/fft_top/butterfly_0/Yr_full_F_reg[22]
  Impl DFF        Name(Last) i:/WORK/fft_top/butterfly_0/Yr_full_F_reg[22]

  Ref  DFF        Name(Last) r:/WORK/fft_top/butterfly_0/Yr_full_F_reg[23]
  Impl DFF        Name(Last) i:/WORK/fft_top/butterfly_0/Yr_full_F_reg[23]

  Ref  DFF        Name(Last) r:/WORK/fft_top/butterfly_0/Yr_full_F_reg[24]
  Impl DFF        Name(Last) i:/WORK/fft_top/butterfly_0/Yr_full_F_reg[24]

  Ref  DFF        Name(Last) r:/WORK/fft_top/butterfly_0/Yr_full_F_reg[25]
  Impl DFF        Name(Last) i:/WORK/fft_top/butterfly_0/Yr_full_F_reg[25]

  Ref  DFF        Name(Last) r:/WORK/fft_top/butterfly_0/Yr_full_F_reg[26]
  Impl DFF        Name(Last) i:/WORK/fft_top/butterfly_0/Yr_full_F_reg[26]

  Ref  DFF        Name(Last) r:/WORK/fft_top/butterfly_0/Yr_full_F_reg[27]
  Impl DFF        Name(Last) i:/WORK/fft_top/butterfly_0/Yr_full_F_reg[27]

  Ref  DFF        Name(Last) r:/WORK/fft_top/butterfly_0/Yr_full_F_reg[28]
  Impl DFF        Name(Last) i:/WORK/fft_top/butterfly_0/Yr_full_F_reg[28]

  Ref  DFF        Name(Last) r:/WORK/fft_top/butterfly_0/Zia_F_reg[0]
  Impl DFF        Name(Last) i:/WORK/fft_top/butterfly_0/Zia_F_reg[0]

  Ref  DFF        Name(Last) r:/WORK/fft_top/butterfly_0/Zia_F_reg[10]
  Impl DFF        Name(Last) i:/WORK/fft_top/butterfly_0/Zia_F_reg[10]

  Ref  DFF        Name(Last) r:/WORK/fft_top/butterfly_0/Zia_F_reg[11]
  Impl DFF        Name(Last) i:/WORK/fft_top/butterfly_0/Zia_F_reg[11]

  Ref  DFF        Name(Last) r:/WORK/fft_top/butterfly_0/Zia_F_reg[12]
  Impl DFF        Name(Last) i:/WORK/fft_top/butterfly_0/Zia_F_reg[12]

  Ref  DFF        Name(Last) r:/WORK/fft_top/butterfly_0/Zia_F_reg[13]
  Impl DFF        Name(Last) i:/WORK/fft_top/butterfly_0/Zia_F_reg[13]

  Ref  DFF        Name(Last) r:/WORK/fft_top/butterfly_0/Zia_F_reg[14]
  Impl DFF        Name(Last) i:/WORK/fft_top/butterfly_0/Zia_F_reg[14]

  Ref  DFF        Name(Last) r:/WORK/fft_top/butterfly_0/Zia_F_reg[15]
  Impl DFF        Name(Last) i:/WORK/fft_top/butterfly_0/Zia_F_reg[15]

  Ref  DFF        Name(Last) r:/WORK/fft_top/butterfly_0/Zia_F_reg[16]
  Impl DFF        Name(Last) i:/WORK/fft_top/butterfly_0/Zia_F_reg[16]

  Ref  DFF        Name(Last) r:/WORK/fft_top/butterfly_0/Zia_F_reg[17]
  Impl DFF        Name(Last) i:/WORK/fft_top/butterfly_0/Zia_F_reg[17]

  Ref  DFF        Name(Last) r:/WORK/fft_top/butterfly_0/Zia_F_reg[18]
  Impl DFF        Name(Last) i:/WORK/fft_top/butterfly_0/Zia_F_reg[18]

  Ref  DFF        Name(Last) r:/WORK/fft_top/butterfly_0/Zia_F_reg[19]
  Impl DFF        Name(Last) i:/WORK/fft_top/butterfly_0/Zia_F_reg[19]

  Ref  DFF        Name(Last) r:/WORK/fft_top/butterfly_0/Zia_F_reg[1]
  Impl DFF        Name(Last) i:/WORK/fft_top/butterfly_0/Zia_F_reg[1]

  Ref  DFF        Name(Last) r:/WORK/fft_top/butterfly_0/Zia_F_reg[20]
  Impl DFF        Name(Last) i:/WORK/fft_top/butterfly_0/Zia_F_reg[20]

  Ref  DFF        Name(Last) r:/WORK/fft_top/butterfly_0/Zia_F_reg[21]
  Impl DFF        Name(Last) i:/WORK/fft_top/butterfly_0/Zia_F_reg[21]

  Ref  DFF        Name(Last) r:/WORK/fft_top/butterfly_0/Zia_F_reg[22]
  Impl DFF        Name(Last) i:/WORK/fft_top/butterfly_0/Zia_F_reg[22]

  Ref  DFF        Name(Last) r:/WORK/fft_top/butterfly_0/Zia_F_reg[23]
  Impl DFF        Name(Last) i:/WORK/fft_top/butterfly_0/Zia_F_reg[23]

  Ref  DFF        Name(Last) r:/WORK/fft_top/butterfly_0/Zia_F_reg[24]
  Impl DFF        Name(Last) i:/WORK/fft_top/butterfly_0/Zia_F_reg[24]

  Ref  DFF        Name(Last) r:/WORK/fft_top/butterfly_0/Zia_F_reg[25]
  Impl DFF        Name(Last) i:/WORK/fft_top/butterfly_0/Zia_F_reg[25]

  Ref  DFF        Name(Last) r:/WORK/fft_top/butterfly_0/Zia_F_reg[26]
  Impl DFF        Name(Last) i:/WORK/fft_top/butterfly_0/Zia_F_reg[26]

  Ref  DFF        Name(Last) r:/WORK/fft_top/butterfly_0/Zia_F_reg[27]
  Impl DFF        Name(Last) i:/WORK/fft_top/butterfly_0/Zia_F_reg[27]

  Ref  DFF        Name(Last) r:/WORK/fft_top/butterfly_0/Zia_F_reg[2]
  Impl DFF        Name(Last) i:/WORK/fft_top/butterfly_0/Zia_F_reg[2]

  Ref  DFF        Name(Last) r:/WORK/fft_top/butterfly_0/Zia_F_reg[3]
  Impl DFF        Name(Last) i:/WORK/fft_top/butterfly_0/Zia_F_reg[3]

  Ref  DFF        Name(Last) r:/WORK/fft_top/butterfly_0/Zia_F_reg[4]
  Impl DFF        Name(Last) i:/WORK/fft_top/butterfly_0/Zia_F_reg[4]

  Ref  DFF        Name(Last) r:/WORK/fft_top/butterfly_0/Zia_F_reg[5]
  Impl DFF        Name(Last) i:/WORK/fft_top/butterfly_0/Zia_F_reg[5]

  Ref  DFF        Name(Last) r:/WORK/fft_top/butterfly_0/Zia_F_reg[6]
  Impl DFF        Name(Last) i:/WORK/fft_top/butterfly_0/Zia_F_reg[6]

  Ref  DFF        Name(Last) r:/WORK/fft_top/butterfly_0/Zia_F_reg[7]
  Impl DFF        Name(Last) i:/WORK/fft_top/butterfly_0/Zia_F_reg[7]

  Ref  DFF        Name(Last) r:/WORK/fft_top/butterfly_0/Zia_F_reg[8]
  Impl DFF        Name(Last) i:/WORK/fft_top/butterfly_0/Zia_F_reg[8]

  Ref  DFF        Name(Last) r:/WORK/fft_top/butterfly_0/Zia_F_reg[9]
  Impl DFF        Name(Last) i:/WORK/fft_top/butterfly_0/Zia_F_reg[9]

  Ref  DFF        Name(Last) r:/WORK/fft_top/butterfly_0/Zib_F_reg[0]
  Impl DFF        Name(Last) i:/WORK/fft_top/butterfly_0/Zib_F_reg[0]

  Ref  DFF        Name(Last) r:/WORK/fft_top/butterfly_0/Zib_F_reg[10]
  Impl DFF        Name(Last) i:/WORK/fft_top/butterfly_0/Zib_F_reg[10]

  Ref  DFF        Name(Last) r:/WORK/fft_top/butterfly_0/Zib_F_reg[11]
  Impl DFF        Name(Last) i:/WORK/fft_top/butterfly_0/Zib_F_reg[11]

  Ref  DFF        Name(Last) r:/WORK/fft_top/butterfly_0/Zib_F_reg[12]
  Impl DFF        Name(Last) i:/WORK/fft_top/butterfly_0/Zib_F_reg[12]

  Ref  DFF        Name(Last) r:/WORK/fft_top/butterfly_0/Zib_F_reg[13]
  Impl DFF        Name(Last) i:/WORK/fft_top/butterfly_0/Zib_F_reg[13]

  Ref  DFF        Name(Last) r:/WORK/fft_top/butterfly_0/Zib_F_reg[14]
  Impl DFF        Name(Last) i:/WORK/fft_top/butterfly_0/Zib_F_reg[14]

  Ref  DFF        Name(Last) r:/WORK/fft_top/butterfly_0/Zib_F_reg[15]
  Impl DFF        Name(Last) i:/WORK/fft_top/butterfly_0/Zib_F_reg[15]

  Ref  DFF        Name(Last) r:/WORK/fft_top/butterfly_0/Zib_F_reg[16]
  Impl DFF        Name(Last) i:/WORK/fft_top/butterfly_0/Zib_F_reg[16]

  Ref  DFF        Name(Last) r:/WORK/fft_top/butterfly_0/Zib_F_reg[17]
  Impl DFF        Name(Last) i:/WORK/fft_top/butterfly_0/Zib_F_reg[17]

  Ref  DFF        Name(Last) r:/WORK/fft_top/butterfly_0/Zib_F_reg[18]
  Impl DFF        Name(Last) i:/WORK/fft_top/butterfly_0/Zib_F_reg[18]

  Ref  DFF        Name(Last) r:/WORK/fft_top/butterfly_0/Zib_F_reg[19]
  Impl DFF        Name(Last) i:/WORK/fft_top/butterfly_0/Zib_F_reg[19]

  Ref  DFF        Name(Last) r:/WORK/fft_top/butterfly_0/Zib_F_reg[1]
  Impl DFF        Name(Last) i:/WORK/fft_top/butterfly_0/Zib_F_reg[1]

  Ref  DFF        Name(Last) r:/WORK/fft_top/butterfly_0/Zib_F_reg[20]
  Impl DFF        Name(Last) i:/WORK/fft_top/butterfly_0/Zib_F_reg[20]

  Ref  DFF        Name(Last) r:/WORK/fft_top/butterfly_0/Zib_F_reg[21]
  Impl DFF        Name(Last) i:/WORK/fft_top/butterfly_0/Zib_F_reg[21]

  Ref  DFF        Name(Last) r:/WORK/fft_top/butterfly_0/Zib_F_reg[22]
  Impl DFF        Name(Last) i:/WORK/fft_top/butterfly_0/Zib_F_reg[22]

  Ref  DFF        Name(Last) r:/WORK/fft_top/butterfly_0/Zib_F_reg[23]
  Impl DFF        Name(Last) i:/WORK/fft_top/butterfly_0/Zib_F_reg[23]

  Ref  DFF        Name(Last) r:/WORK/fft_top/butterfly_0/Zib_F_reg[24]
  Impl DFF        Name(Last) i:/WORK/fft_top/butterfly_0/Zib_F_reg[24]

  Ref  DFF        Name(Last) r:/WORK/fft_top/butterfly_0/Zib_F_reg[25]
  Impl DFF        Name(Last) i:/WORK/fft_top/butterfly_0/Zib_F_reg[25]

  Ref  DFF        Name(Last) r:/WORK/fft_top/butterfly_0/Zib_F_reg[26]
  Impl DFF        Name(Last) i:/WORK/fft_top/butterfly_0/Zib_F_reg[26]

  Ref  DFF        Name(Last) r:/WORK/fft_top/butterfly_0/Zib_F_reg[27]
  Impl DFF        Name(Last) i:/WORK/fft_top/butterfly_0/Zib_F_reg[27]

  Ref  DFF        Name(Last) r:/WORK/fft_top/butterfly_0/Zib_F_reg[2]
  Impl DFF        Name(Last) i:/WORK/fft_top/butterfly_0/Zib_F_reg[2]

  Ref  DFF        Name(Last) r:/WORK/fft_top/butterfly_0/Zib_F_reg[3]
  Impl DFF        Name(Last) i:/WORK/fft_top/butterfly_0/Zib_F_reg[3]

  Ref  DFF        Name(Last) r:/WORK/fft_top/butterfly_0/Zib_F_reg[4]
  Impl DFF        Name(Last) i:/WORK/fft_top/butterfly_0/Zib_F_reg[4]

  Ref  DFF        Name(Last) r:/WORK/fft_top/butterfly_0/Zib_F_reg[5]
  Impl DFF        Name(Last) i:/WORK/fft_top/butterfly_0/Zib_F_reg[5]

  Ref  DFF        Name(Last) r:/WORK/fft_top/butterfly_0/Zib_F_reg[6]
  Impl DFF        Name(Last) i:/WORK/fft_top/butterfly_0/Zib_F_reg[6]

  Ref  DFF        Name(Last) r:/WORK/fft_top/butterfly_0/Zib_F_reg[7]
  Impl DFF        Name(Last) i:/WORK/fft_top/butterfly_0/Zib_F_reg[7]

  Ref  DFF        Name(Last) r:/WORK/fft_top/butterfly_0/Zib_F_reg[8]
  Impl DFF        Name(Last) i:/WORK/fft_top/butterfly_0/Zib_F_reg[8]

  Ref  DFF        Name(Last) r:/WORK/fft_top/butterfly_0/Zib_F_reg[9]
  Impl DFF        Name(Last) i:/WORK/fft_top/butterfly_0/Zib_F_reg[9]

  Ref  DFF        Name(Last) r:/WORK/fft_top/butterfly_0/Zra_F_reg[0]
  Impl DFF        Name(Last) i:/WORK/fft_top/butterfly_0/Zra_F_reg[0]

  Ref  DFF        Name(Last) r:/WORK/fft_top/butterfly_0/Zra_F_reg[10]
  Impl DFF        Name(Last) i:/WORK/fft_top/butterfly_0/Zra_F_reg[10]

  Ref  DFF        Name(Last) r:/WORK/fft_top/butterfly_0/Zra_F_reg[11]
  Impl DFF        Name(Last) i:/WORK/fft_top/butterfly_0/Zra_F_reg[11]

  Ref  DFF        Name(Last) r:/WORK/fft_top/butterfly_0/Zra_F_reg[12]
  Impl DFF        Name(Last) i:/WORK/fft_top/butterfly_0/Zra_F_reg[12]

  Ref  DFF        Name(Last) r:/WORK/fft_top/butterfly_0/Zra_F_reg[13]
  Impl DFF        Name(Last) i:/WORK/fft_top/butterfly_0/Zra_F_reg[13]

  Ref  DFF        Name(Last) r:/WORK/fft_top/butterfly_0/Zra_F_reg[14]
  Impl DFF        Name(Last) i:/WORK/fft_top/butterfly_0/Zra_F_reg[14]

  Ref  DFF        Name(Last) r:/WORK/fft_top/butterfly_0/Zra_F_reg[15]
  Impl DFF        Name(Last) i:/WORK/fft_top/butterfly_0/Zra_F_reg[15]

  Ref  DFF        Name(Last) r:/WORK/fft_top/butterfly_0/Zra_F_reg[16]
  Impl DFF        Name(Last) i:/WORK/fft_top/butterfly_0/Zra_F_reg[16]

  Ref  DFF        Name(Last) r:/WORK/fft_top/butterfly_0/Zra_F_reg[17]
  Impl DFF        Name(Last) i:/WORK/fft_top/butterfly_0/Zra_F_reg[17]

  Ref  DFF        Name(Last) r:/WORK/fft_top/butterfly_0/Zra_F_reg[18]
  Impl DFF        Name(Last) i:/WORK/fft_top/butterfly_0/Zra_F_reg[18]

  Ref  DFF        Name(Last) r:/WORK/fft_top/butterfly_0/Zra_F_reg[19]
  Impl DFF        Name(Last) i:/WORK/fft_top/butterfly_0/Zra_F_reg[19]

  Ref  DFF        Name(Last) r:/WORK/fft_top/butterfly_0/Zra_F_reg[1]
  Impl DFF        Name(Last) i:/WORK/fft_top/butterfly_0/Zra_F_reg[1]

  Ref  DFF        Name(Last) r:/WORK/fft_top/butterfly_0/Zra_F_reg[20]
  Impl DFF        Name(Last) i:/WORK/fft_top/butterfly_0/Zra_F_reg[20]

  Ref  DFF        Name(Last) r:/WORK/fft_top/butterfly_0/Zra_F_reg[21]
  Impl DFF        Name(Last) i:/WORK/fft_top/butterfly_0/Zra_F_reg[21]

  Ref  DFF        Name(Last) r:/WORK/fft_top/butterfly_0/Zra_F_reg[22]
  Impl DFF        Name(Last) i:/WORK/fft_top/butterfly_0/Zra_F_reg[22]

  Ref  DFF        Name(Last) r:/WORK/fft_top/butterfly_0/Zra_F_reg[23]
  Impl DFF        Name(Last) i:/WORK/fft_top/butterfly_0/Zra_F_reg[23]

  Ref  DFF        Name(Last) r:/WORK/fft_top/butterfly_0/Zra_F_reg[24]
  Impl DFF        Name(Last) i:/WORK/fft_top/butterfly_0/Zra_F_reg[24]

  Ref  DFF        Name(Last) r:/WORK/fft_top/butterfly_0/Zra_F_reg[25]
  Impl DFF        Name(Last) i:/WORK/fft_top/butterfly_0/Zra_F_reg[25]

  Ref  DFF        Name(Last) r:/WORK/fft_top/butterfly_0/Zra_F_reg[26]
  Impl DFF        Name(Last) i:/WORK/fft_top/butterfly_0/Zra_F_reg[26]

  Ref  DFF        Name(Last) r:/WORK/fft_top/butterfly_0/Zra_F_reg[27]
  Impl DFF        Name(Last) i:/WORK/fft_top/butterfly_0/Zra_F_reg[27]

  Ref  DFF        Name(Last) r:/WORK/fft_top/butterfly_0/Zra_F_reg[2]
  Impl DFF        Name(Last) i:/WORK/fft_top/butterfly_0/Zra_F_reg[2]

  Ref  DFF        Name(Last) r:/WORK/fft_top/butterfly_0/Zra_F_reg[3]
  Impl DFF        Name(Last) i:/WORK/fft_top/butterfly_0/Zra_F_reg[3]

  Ref  DFF        Name(Last) r:/WORK/fft_top/butterfly_0/Zra_F_reg[4]
  Impl DFF        Name(Last) i:/WORK/fft_top/butterfly_0/Zra_F_reg[4]

  Ref  DFF        Name(Last) r:/WORK/fft_top/butterfly_0/Zra_F_reg[5]
  Impl DFF        Name(Last) i:/WORK/fft_top/butterfly_0/Zra_F_reg[5]

  Ref  DFF        Name(Last) r:/WORK/fft_top/butterfly_0/Zra_F_reg[6]
  Impl DFF        Name(Last) i:/WORK/fft_top/butterfly_0/Zra_F_reg[6]

  Ref  DFF        Name(Last) r:/WORK/fft_top/butterfly_0/Zra_F_reg[7]
  Impl DFF        Name(Last) i:/WORK/fft_top/butterfly_0/Zra_F_reg[7]

  Ref  DFF        Name(Last) r:/WORK/fft_top/butterfly_0/Zra_F_reg[8]
  Impl DFF        Name(Last) i:/WORK/fft_top/butterfly_0/Zra_F_reg[8]

  Ref  DFF        Name(Last) r:/WORK/fft_top/butterfly_0/Zra_F_reg[9]
  Impl DFF        Name(Last) i:/WORK/fft_top/butterfly_0/Zra_F_reg[9]

  Ref  DFF        Name(Last) r:/WORK/fft_top/butterfly_0/Zrb_F_reg[0]
  Impl DFF        Name(Last) i:/WORK/fft_top/butterfly_0/Zrb_F_reg[0]

  Ref  DFF        Name(Last) r:/WORK/fft_top/butterfly_0/Zrb_F_reg[10]
  Impl DFF        Name(Last) i:/WORK/fft_top/butterfly_0/Zrb_F_reg[10]

  Ref  DFF        Name(Last) r:/WORK/fft_top/butterfly_0/Zrb_F_reg[11]
  Impl DFF        Name(Last) i:/WORK/fft_top/butterfly_0/Zrb_F_reg[11]

  Ref  DFF        Name(Last) r:/WORK/fft_top/butterfly_0/Zrb_F_reg[12]
  Impl DFF        Name(Last) i:/WORK/fft_top/butterfly_0/Zrb_F_reg[12]

  Ref  DFF        Name(Last) r:/WORK/fft_top/butterfly_0/Zrb_F_reg[13]
  Impl DFF        Name(Last) i:/WORK/fft_top/butterfly_0/Zrb_F_reg[13]

  Ref  DFF        Name(Last) r:/WORK/fft_top/butterfly_0/Zrb_F_reg[14]
  Impl DFF        Name(Last) i:/WORK/fft_top/butterfly_0/Zrb_F_reg[14]

  Ref  DFF        Name(Last) r:/WORK/fft_top/butterfly_0/Zrb_F_reg[15]
  Impl DFF        Name(Last) i:/WORK/fft_top/butterfly_0/Zrb_F_reg[15]

  Ref  DFF        Name(Last) r:/WORK/fft_top/butterfly_0/Zrb_F_reg[16]
  Impl DFF        Name(Last) i:/WORK/fft_top/butterfly_0/Zrb_F_reg[16]

  Ref  DFF        Name(Last) r:/WORK/fft_top/butterfly_0/Zrb_F_reg[17]
  Impl DFF        Name(Last) i:/WORK/fft_top/butterfly_0/Zrb_F_reg[17]

  Ref  DFF        Name(Last) r:/WORK/fft_top/butterfly_0/Zrb_F_reg[18]
  Impl DFF        Name(Last) i:/WORK/fft_top/butterfly_0/Zrb_F_reg[18]

  Ref  DFF        Name(Last) r:/WORK/fft_top/butterfly_0/Zrb_F_reg[19]
  Impl DFF        Name(Last) i:/WORK/fft_top/butterfly_0/Zrb_F_reg[19]

  Ref  DFF        Name(Last) r:/WORK/fft_top/butterfly_0/Zrb_F_reg[1]
  Impl DFF        Name(Last) i:/WORK/fft_top/butterfly_0/Zrb_F_reg[1]

  Ref  DFF        Name(Last) r:/WORK/fft_top/butterfly_0/Zrb_F_reg[20]
  Impl DFF        Name(Last) i:/WORK/fft_top/butterfly_0/Zrb_F_reg[20]

  Ref  DFF        Name(Last) r:/WORK/fft_top/butterfly_0/Zrb_F_reg[21]
  Impl DFF        Name(Last) i:/WORK/fft_top/butterfly_0/Zrb_F_reg[21]

  Ref  DFF        Name(Last) r:/WORK/fft_top/butterfly_0/Zrb_F_reg[22]
  Impl DFF        Name(Last) i:/WORK/fft_top/butterfly_0/Zrb_F_reg[22]

  Ref  DFF        Name(Last) r:/WORK/fft_top/butterfly_0/Zrb_F_reg[23]
  Impl DFF        Name(Last) i:/WORK/fft_top/butterfly_0/Zrb_F_reg[23]

  Ref  DFF        Name(Last) r:/WORK/fft_top/butterfly_0/Zrb_F_reg[24]
  Impl DFF        Name(Last) i:/WORK/fft_top/butterfly_0/Zrb_F_reg[24]

  Ref  DFF        Name(Last) r:/WORK/fft_top/butterfly_0/Zrb_F_reg[25]
  Impl DFF        Name(Last) i:/WORK/fft_top/butterfly_0/Zrb_F_reg[25]

  Ref  DFF        Name(Last) r:/WORK/fft_top/butterfly_0/Zrb_F_reg[26]
  Impl DFF        Name(Last) i:/WORK/fft_top/butterfly_0/Zrb_F_reg[26]

  Ref  DFF        Name(Last) r:/WORK/fft_top/butterfly_0/Zrb_F_reg[27]
  Impl DFF        Name(Last) i:/WORK/fft_top/butterfly_0/Zrb_F_reg[27]

  Ref  DFF        Name(Last) r:/WORK/fft_top/butterfly_0/Zrb_F_reg[2]
  Impl DFF        Name(Last) i:/WORK/fft_top/butterfly_0/Zrb_F_reg[2]

  Ref  DFF        Name(Last) r:/WORK/fft_top/butterfly_0/Zrb_F_reg[3]
  Impl DFF        Name(Last) i:/WORK/fft_top/butterfly_0/Zrb_F_reg[3]

  Ref  DFF        Name(Last) r:/WORK/fft_top/butterfly_0/Zrb_F_reg[4]
  Impl DFF        Name(Last) i:/WORK/fft_top/butterfly_0/Zrb_F_reg[4]

  Ref  DFF        Name(Last) r:/WORK/fft_top/butterfly_0/Zrb_F_reg[5]
  Impl DFF        Name(Last) i:/WORK/fft_top/butterfly_0/Zrb_F_reg[5]

  Ref  DFF        Name(Last) r:/WORK/fft_top/butterfly_0/Zrb_F_reg[6]
  Impl DFF        Name(Last) i:/WORK/fft_top/butterfly_0/Zrb_F_reg[6]

  Ref  DFF        Name(Last) r:/WORK/fft_top/butterfly_0/Zrb_F_reg[7]
  Impl DFF        Name(Last) i:/WORK/fft_top/butterfly_0/Zrb_F_reg[7]

  Ref  DFF        Name(Last) r:/WORK/fft_top/butterfly_0/Zrb_F_reg[8]
  Impl DFF        Name(Last) i:/WORK/fft_top/butterfly_0/Zrb_F_reg[8]

  Ref  DFF        Name(Last) r:/WORK/fft_top/butterfly_0/Zrb_F_reg[9]
  Impl DFF        Name(Last) i:/WORK/fft_top/butterfly_0/Zrb_F_reg[9]

  Ref  DFF        Name(Last) r:/WORK/fft_top/fft_ctrl_sm_0/A_addr_F_reg[0]
  Impl DFF        Name(Last) i:/WORK/fft_top/fft_ctrl_sm_0/A_addr_F_reg[0]

  Ref  DFF        Name(Last) r:/WORK/fft_top/fft_ctrl_sm_0/A_addr_F_reg[1]
  Impl DFF        Name(Last) i:/WORK/fft_top/fft_ctrl_sm_0/A_addr_F_reg[1]

  Ref  DFF        Name(Last) r:/WORK/fft_top/fft_ctrl_sm_0/A_addr_F_reg[2]
  Impl DFF        Name(Last) i:/WORK/fft_top/fft_ctrl_sm_0/A_addr_F_reg[2]

  Ref  DFF        Name(Last) r:/WORK/fft_top/fft_ctrl_sm_0/A_addr_F_reg[3]
  Impl DFF        Name(Last) i:/WORK/fft_top/fft_ctrl_sm_0/A_addr_F_reg[3]

  Ref  DFF        Name(Last) r:/WORK/fft_top/fft_ctrl_sm_0/A_addr_Fd2_reg[0]
  Impl DFF        Name(Last) i:/WORK/fft_top/fft_ctrl_sm_0/A_addr_Fd2_reg[0]

  Ref  DFF        Name(Last) r:/WORK/fft_top/fft_ctrl_sm_0/A_addr_Fd2_reg[1]
  Impl DFF        Name(Last) i:/WORK/fft_top/fft_ctrl_sm_0/A_addr_Fd2_reg[1]

  Ref  DFF        Name(Last) r:/WORK/fft_top/fft_ctrl_sm_0/A_addr_Fd2_reg[2]
  Impl DFF        Name(Last) i:/WORK/fft_top/fft_ctrl_sm_0/A_addr_Fd2_reg[2]

  Ref  DFF        Name(Last) r:/WORK/fft_top/fft_ctrl_sm_0/A_addr_Fd2_reg[3]
  Impl DFF        Name(Last) i:/WORK/fft_top/fft_ctrl_sm_0/A_addr_Fd2_reg[3]

  Ref  DFF        Name(Last) r:/WORK/fft_top/fft_ctrl_sm_0/A_addr_Fd3_reg[0]
  Impl DFF        Name(Last) i:/WORK/fft_top/fft_ctrl_sm_0/A_addr_Fd3_reg[0]

  Ref  DFF        Name(Last) r:/WORK/fft_top/fft_ctrl_sm_0/A_addr_Fd3_reg[1]
  Impl DFF        Name(Last) i:/WORK/fft_top/fft_ctrl_sm_0/A_addr_Fd3_reg[1]

  Ref  DFF        Name(Last) r:/WORK/fft_top/fft_ctrl_sm_0/A_addr_Fd3_reg[2]
  Impl DFF        Name(Last) i:/WORK/fft_top/fft_ctrl_sm_0/A_addr_Fd3_reg[2]

  Ref  DFF        Name(Last) r:/WORK/fft_top/fft_ctrl_sm_0/A_addr_Fd3_reg[3]
  Impl DFF        Name(Last) i:/WORK/fft_top/fft_ctrl_sm_0/A_addr_Fd3_reg[3]

  Ref  DFF        Name(Last) r:/WORK/fft_top/fft_ctrl_sm_0/A_addr_Fd4_reg[0]
  Impl DFF        Name(Last) i:/WORK/fft_top/fft_ctrl_sm_0/A_addr_Fd4_reg[0]

  Ref  DFF        Name(Last) r:/WORK/fft_top/fft_ctrl_sm_0/A_addr_Fd4_reg[1]
  Impl DFF        Name(Last) i:/WORK/fft_top/fft_ctrl_sm_0/A_addr_Fd4_reg[1]

  Ref  DFF        Name(Last) r:/WORK/fft_top/fft_ctrl_sm_0/A_addr_Fd4_reg[2]
  Impl DFF        Name(Last) i:/WORK/fft_top/fft_ctrl_sm_0/A_addr_Fd4_reg[2]

  Ref  DFF        Name(Last) r:/WORK/fft_top/fft_ctrl_sm_0/A_addr_Fd4_reg[3]
  Impl DFF        Name(Last) i:/WORK/fft_top/fft_ctrl_sm_0/A_addr_Fd4_reg[3]

  Ref  DFF        Name(Last) r:/WORK/fft_top/fft_ctrl_sm_0/B_addr_F_reg[0]
  Impl DFF        Name(Last) i:/WORK/fft_top/fft_ctrl_sm_0/B_addr_F_reg[0]

  Ref  DFF        Name(Last) r:/WORK/fft_top/fft_ctrl_sm_0/B_addr_F_reg[1]
  Impl DFF        Name(Last) i:/WORK/fft_top/fft_ctrl_sm_0/B_addr_F_reg[1]

  Ref  DFF        Name(Last) r:/WORK/fft_top/fft_ctrl_sm_0/B_addr_F_reg[2]
  Impl DFF        Name(Last) i:/WORK/fft_top/fft_ctrl_sm_0/B_addr_F_reg[2]

  Ref  DFF        Name(Last) r:/WORK/fft_top/fft_ctrl_sm_0/B_addr_F_reg[3]
  Impl DFF        Name(Last) i:/WORK/fft_top/fft_ctrl_sm_0/B_addr_F_reg[3]

  Ref  DFF        Name(Last) r:/WORK/fft_top/fft_ctrl_sm_0/B_addr_Fd2_reg[0]
  Impl DFF        Name(Last) i:/WORK/fft_top/fft_ctrl_sm_0/B_addr_Fd2_reg[0]

  Ref  DFF        Name(Last) r:/WORK/fft_top/fft_ctrl_sm_0/B_addr_Fd2_reg[1]
  Impl DFF        Name(Last) i:/WORK/fft_top/fft_ctrl_sm_0/B_addr_Fd2_reg[1]

  Ref  DFF        Name(Last) r:/WORK/fft_top/fft_ctrl_sm_0/B_addr_Fd2_reg[2]
  Impl DFF        Name(Last) i:/WORK/fft_top/fft_ctrl_sm_0/B_addr_Fd2_reg[2]

  Ref  DFF        Name(Last) r:/WORK/fft_top/fft_ctrl_sm_0/B_addr_Fd2_reg[3]
  Impl DFF        Name(Last) i:/WORK/fft_top/fft_ctrl_sm_0/B_addr_Fd2_reg[3]

  Ref  DFF        Name(Last) r:/WORK/fft_top/fft_ctrl_sm_0/B_addr_Fd3_reg[0]
  Impl DFF        Name(Last) i:/WORK/fft_top/fft_ctrl_sm_0/B_addr_Fd3_reg[0]

  Ref  DFF        Name(Last) r:/WORK/fft_top/fft_ctrl_sm_0/B_addr_Fd3_reg[1]
  Impl DFF        Name(Last) i:/WORK/fft_top/fft_ctrl_sm_0/B_addr_Fd3_reg[1]

  Ref  DFF        Name(Last) r:/WORK/fft_top/fft_ctrl_sm_0/B_addr_Fd3_reg[2]
  Impl DFF        Name(Last) i:/WORK/fft_top/fft_ctrl_sm_0/B_addr_Fd3_reg[2]

  Ref  DFF        Name(Last) r:/WORK/fft_top/fft_ctrl_sm_0/B_addr_Fd3_reg[3]
  Impl DFF        Name(Last) i:/WORK/fft_top/fft_ctrl_sm_0/B_addr_Fd3_reg[3]

  Ref  DFF        Name(Last) r:/WORK/fft_top/fft_ctrl_sm_0/B_addr_Fd4_reg[0]
  Impl DFF        Name(Last) i:/WORK/fft_top/fft_ctrl_sm_0/B_addr_Fd4_reg[0]

  Ref  DFF        Name(Last) r:/WORK/fft_top/fft_ctrl_sm_0/B_addr_Fd4_reg[1]
  Impl DFF        Name(Last) i:/WORK/fft_top/fft_ctrl_sm_0/B_addr_Fd4_reg[1]

  Ref  DFF        Name(Last) r:/WORK/fft_top/fft_ctrl_sm_0/B_addr_Fd4_reg[2]
  Impl DFF        Name(Last) i:/WORK/fft_top/fft_ctrl_sm_0/B_addr_Fd4_reg[2]

  Ref  DFF        Name(Last) r:/WORK/fft_top/fft_ctrl_sm_0/B_addr_Fd4_reg[3]
  Impl DFF        Name(Last) i:/WORK/fft_top/fft_ctrl_sm_0/B_addr_Fd4_reg[3]

  Ref  DFF        Name(Last) r:/WORK/fft_top/fft_ctrl_sm_0/W_addr_F_reg[0]
  Impl DFF        Name(Last) i:/WORK/fft_top/fft_ctrl_sm_0/W_addr_F_reg[0]

  Ref  DFF        Name(Last) r:/WORK/fft_top/fft_ctrl_sm_0/W_addr_F_reg[1]
  Impl DFF        Name(Last) i:/WORK/fft_top/fft_ctrl_sm_0/W_addr_F_reg[1]

  Ref  DFF        Name(Last) r:/WORK/fft_top/fft_ctrl_sm_0/W_addr_F_reg[2]
  Impl DFF        Name(Last) i:/WORK/fft_top/fft_ctrl_sm_0/W_addr_F_reg[2]

  Ref  DFF        Name(Last) r:/WORK/fft_top/fft_ctrl_sm_0/butterfly_F_reg[0]
  Impl DFF        Name(Last) i:/WORK/fft_top/fft_ctrl_sm_0/butterfly_F_reg[0]

  Ref  DFF        Name(Last) r:/WORK/fft_top/fft_ctrl_sm_0/butterfly_F_reg[1]
  Impl DFF        Name(Last) i:/WORK/fft_top/fft_ctrl_sm_0/butterfly_F_reg[1]

  Ref  DFF        Name(Last) r:/WORK/fft_top/fft_ctrl_sm_0/butterfly_F_reg[2]
  Impl DFF        Name(Last) i:/WORK/fft_top/fft_ctrl_sm_0/butterfly_F_reg[2]

  Ref  DFF        Name(Last) r:/WORK/fft_top/fft_ctrl_sm_0/counter_F_reg[0]
  Impl DFF        Name(Last) i:/WORK/fft_top/fft_ctrl_sm_0/counter_F_reg[0]

  Ref  DFF        Name(Last) r:/WORK/fft_top/fft_ctrl_sm_0/counter_F_reg[1]
  Impl DFF        Name(Last) i:/WORK/fft_top/fft_ctrl_sm_0/counter_F_reg[1]

  Ref  DFF        Name(Last) r:/WORK/fft_top/fft_ctrl_sm_0/counter_F_reg[2]
  Impl DFF        Name(Last) i:/WORK/fft_top/fft_ctrl_sm_0/counter_F_reg[2]

  Ref  DFF        Name(Last) r:/WORK/fft_top/fft_ctrl_sm_0/counter_F_reg[3]
  Impl DFF        Name(Last) i:/WORK/fft_top/fft_ctrl_sm_0/counter_F_reg[3]

  Ref  DFF        Name(Last) r:/WORK/fft_top/fft_ctrl_sm_0/current_state_F_reg[0]
  Impl DFF        Name(Last) i:/WORK/fft_top/fft_ctrl_sm_0/current_state_F_reg[0]

  Ref  DFF        Name(Last) r:/WORK/fft_top/fft_ctrl_sm_0/current_state_F_reg[1]
  Impl DFF        Name(Last) i:/WORK/fft_top/fft_ctrl_sm_0/current_state_F_reg[1]

  Ref  DFF        Name(Last) r:/WORK/fft_top/fft_ctrl_sm_0/current_state_F_reg[2]
  Impl DFF        Name(Last) i:/WORK/fft_top/fft_ctrl_sm_0/current_state_F_reg[2]

  Ref  DFF        Name(Last) r:/WORK/fft_top/fft_ctrl_sm_0/current_state_F_reg[3]
  Impl DFF        Name(Last) i:/WORK/fft_top/fft_ctrl_sm_0/current_state_F_reg[3]

  Ref  DFF        Name(Last) r:/WORK/fft_top/fft_ctrl_sm_0/current_state_F_reg[4]
  Impl DFF        Name(Last) i:/WORK/fft_top/fft_ctrl_sm_0/current_state_F_reg[4]

  Ref  DFF        Name(Last) r:/WORK/fft_top/fft_ctrl_sm_0/in_stall_F_reg
  Impl DFF        Name(Last) i:/WORK/fft_top/fft_ctrl_sm_0/in_stall_F_reg

  Ref  DFF        Name(Last) r:/WORK/fft_top/fft_ctrl_sm_0/out_push_F_reg
  Impl DFF        Name(Last) i:/WORK/fft_top/fft_ctrl_sm_0/out_push_F_reg

  Ref  DFF        Name(Last) r:/WORK/fft_top/fft_ctrl_sm_0/read_addr_1_F_reg[0]
  Impl DFF        Name(Last) i:/WORK/fft_top/fft_ctrl_sm_0/read_addr_1_F_reg[0]

  Ref  DFF        Name(Last) r:/WORK/fft_top/fft_ctrl_sm_0/read_addr_1_F_reg[1]
  Impl DFF        Name(Last) i:/WORK/fft_top/fft_ctrl_sm_0/read_addr_1_F_reg[1]

  Ref  DFF        Name(Last) r:/WORK/fft_top/fft_ctrl_sm_0/read_addr_1_F_reg[2]
  Impl DFF        Name(Last) i:/WORK/fft_top/fft_ctrl_sm_0/read_addr_1_F_reg[2]

  Ref  DFF        Name(Last) r:/WORK/fft_top/fft_ctrl_sm_0/read_addr_1_F_reg[3]
  Impl DFF        Name(Last) i:/WORK/fft_top/fft_ctrl_sm_0/read_addr_1_F_reg[3]

  Ref  DFF        Name(Last) r:/WORK/fft_top/fft_ctrl_sm_0/read_addr_2_F_reg[0]
  Impl DFF        Name(Last) i:/WORK/fft_top/fft_ctrl_sm_0/read_addr_2_F_reg[0]

  Ref  DFF        Name(Last) r:/WORK/fft_top/fft_ctrl_sm_0/read_addr_2_F_reg[1]
  Impl DFF        Name(Last) i:/WORK/fft_top/fft_ctrl_sm_0/read_addr_2_F_reg[1]

  Ref  DFF        Name(Last) r:/WORK/fft_top/fft_ctrl_sm_0/read_addr_2_F_reg[2]
  Impl DFF        Name(Last) i:/WORK/fft_top/fft_ctrl_sm_0/read_addr_2_F_reg[2]

  Ref  DFF        Name(Last) r:/WORK/fft_top/fft_ctrl_sm_0/read_addr_2_F_reg[3]
  Impl DFF        Name(Last) i:/WORK/fft_top/fft_ctrl_sm_0/read_addr_2_F_reg[3]

  Ref  DFF        Name(Last) r:/WORK/fft_top/fft_ctrl_sm_0/skip_F_reg
  Impl DFF        Name(Last) i:/WORK/fft_top/fft_ctrl_sm_0/skip_F_reg

  Ref  DFF        Name(Last) r:/WORK/fft_top/fft_ctrl_sm_0/skip_Fd2_reg
  Impl DFF        Name(Last) i:/WORK/fft_top/fft_ctrl_sm_0/skip_Fd2_reg

  Ref  DFF        Name(Last) r:/WORK/fft_top/fft_ctrl_sm_0/skip_Fd3_reg
  Impl DFF        Name(Last) i:/WORK/fft_top/fft_ctrl_sm_0/skip_Fd3_reg

  Ref  DFF        Name(Last) r:/WORK/fft_top/fft_ctrl_sm_0/skip_Fd4_reg
  Impl DFF        Name(Last) i:/WORK/fft_top/fft_ctrl_sm_0/skip_Fd4_reg

  Ref  DFF        Name(Last) r:/WORK/fft_top/fft_ctrl_sm_0/stage_F_reg[0]
  Impl DFF        Name(Last) i:/WORK/fft_top/fft_ctrl_sm_0/stage_F_reg[0]

  Ref  DFF        Name(Last) r:/WORK/fft_top/fft_ctrl_sm_0/stage_F_reg[1]
  Impl DFF        Name(Last) i:/WORK/fft_top/fft_ctrl_sm_0/stage_F_reg[1]

  Ref  DFF        Name(Last) r:/WORK/fft_top/fft_ctrl_sm_0/write_addr_1_F_reg[0]
  Impl DFF        Name(Last) i:/WORK/fft_top/fft_ctrl_sm_0/write_addr_1_F_reg[0]

  Ref  DFF        Name(Last) r:/WORK/fft_top/fft_ctrl_sm_0/write_addr_1_F_reg[1]
  Impl DFF        Name(Last) i:/WORK/fft_top/fft_ctrl_sm_0/write_addr_1_F_reg[1]

  Ref  DFF        Name(Last) r:/WORK/fft_top/fft_ctrl_sm_0/write_addr_1_F_reg[2]
  Impl DFF        Name(Last) i:/WORK/fft_top/fft_ctrl_sm_0/write_addr_1_F_reg[2]

  Ref  DFF        Name(Last) r:/WORK/fft_top/fft_ctrl_sm_0/write_addr_1_F_reg[3]
  Impl DFF        Name(Last) i:/WORK/fft_top/fft_ctrl_sm_0/write_addr_1_F_reg[3]

  Ref  DFF        Name(Last) r:/WORK/fft_top/fft_ctrl_sm_0/write_addr_2_F_reg[0]
  Impl DFF        Name(Last) i:/WORK/fft_top/fft_ctrl_sm_0/write_addr_2_F_reg[0]

  Ref  DFF        Name(Last) r:/WORK/fft_top/fft_ctrl_sm_0/write_addr_2_F_reg[1]
  Impl DFF        Name(Last) i:/WORK/fft_top/fft_ctrl_sm_0/write_addr_2_F_reg[1]

  Ref  DFF        Name(Last) r:/WORK/fft_top/fft_ctrl_sm_0/write_addr_2_F_reg[2]
  Impl DFF        Name(Last) i:/WORK/fft_top/fft_ctrl_sm_0/write_addr_2_F_reg[2]

  Ref  DFF        Name(Last) r:/WORK/fft_top/fft_ctrl_sm_0/write_addr_2_F_reg[3]
  Impl DFF        Name(Last) i:/WORK/fft_top/fft_ctrl_sm_0/write_addr_2_F_reg[3]

  Ref  DFF        Name(Last) r:/WORK/fft_top/fft_ctrl_sm_0/write_back_F_reg
  Impl DFF        Name(Last) i:/WORK/fft_top/fft_ctrl_sm_0/write_back_F_reg

  Ref  DFF        Name(Last) r:/WORK/fft_top/fft_ctrl_sm_0/write_data_1_F_reg[0]
  Impl DFF        Name(Last) i:/WORK/fft_top/fft_ctrl_sm_0/write_data_1_F_reg[0]

  Ref  DFF        Name(Last) r:/WORK/fft_top/fft_ctrl_sm_0/write_data_1_F_reg[10]
  Impl DFF        Name(Last) i:/WORK/fft_top/fft_ctrl_sm_0/write_data_1_F_reg[10]

  Ref  DFF        Name(Last) r:/WORK/fft_top/fft_ctrl_sm_0/write_data_1_F_reg[11]
  Impl DFF        Name(Last) i:/WORK/fft_top/fft_ctrl_sm_0/write_data_1_F_reg[11]

  Ref  DFF        Name(Last) r:/WORK/fft_top/fft_ctrl_sm_0/write_data_1_F_reg[12]
  Impl DFF        Name(Last) i:/WORK/fft_top/fft_ctrl_sm_0/write_data_1_F_reg[12]

  Ref  DFF        Name(Last) r:/WORK/fft_top/fft_ctrl_sm_0/write_data_1_F_reg[13]
  Impl DFF        Name(Last) i:/WORK/fft_top/fft_ctrl_sm_0/write_data_1_F_reg[13]

  Ref  DFF        Name(Last) r:/WORK/fft_top/fft_ctrl_sm_0/write_data_1_F_reg[14]
  Impl DFF        Name(Last) i:/WORK/fft_top/fft_ctrl_sm_0/write_data_1_F_reg[14]

  Ref  DFF        Name(Last) r:/WORK/fft_top/fft_ctrl_sm_0/write_data_1_F_reg[15]
  Impl DFF        Name(Last) i:/WORK/fft_top/fft_ctrl_sm_0/write_data_1_F_reg[15]

  Ref  DFF        Name(Last) r:/WORK/fft_top/fft_ctrl_sm_0/write_data_1_F_reg[16]
  Impl DFF        Name(Last) i:/WORK/fft_top/fft_ctrl_sm_0/write_data_1_F_reg[16]

  Ref  DFF        Name(Last) r:/WORK/fft_top/fft_ctrl_sm_0/write_data_1_F_reg[17]
  Impl DFF        Name(Last) i:/WORK/fft_top/fft_ctrl_sm_0/write_data_1_F_reg[17]

  Ref  DFF        Name(Last) r:/WORK/fft_top/fft_ctrl_sm_0/write_data_1_F_reg[18]
  Impl DFF        Name(Last) i:/WORK/fft_top/fft_ctrl_sm_0/write_data_1_F_reg[18]

  Ref  DFF        Name(Last) r:/WORK/fft_top/fft_ctrl_sm_0/write_data_1_F_reg[19]
  Impl DFF        Name(Last) i:/WORK/fft_top/fft_ctrl_sm_0/write_data_1_F_reg[19]

  Ref  DFF        Name(Last) r:/WORK/fft_top/fft_ctrl_sm_0/write_data_1_F_reg[1]
  Impl DFF        Name(Last) i:/WORK/fft_top/fft_ctrl_sm_0/write_data_1_F_reg[1]

  Ref  DFF        Name(Last) r:/WORK/fft_top/fft_ctrl_sm_0/write_data_1_F_reg[20]
  Impl DFF        Name(Last) i:/WORK/fft_top/fft_ctrl_sm_0/write_data_1_F_reg[20]

  Ref  DFF        Name(Last) r:/WORK/fft_top/fft_ctrl_sm_0/write_data_1_F_reg[21]
  Impl DFF        Name(Last) i:/WORK/fft_top/fft_ctrl_sm_0/write_data_1_F_reg[21]

  Ref  DFF        Name(Last) r:/WORK/fft_top/fft_ctrl_sm_0/write_data_1_F_reg[22]
  Impl DFF        Name(Last) i:/WORK/fft_top/fft_ctrl_sm_0/write_data_1_F_reg[22]

  Ref  DFF        Name(Last) r:/WORK/fft_top/fft_ctrl_sm_0/write_data_1_F_reg[23]
  Impl DFF        Name(Last) i:/WORK/fft_top/fft_ctrl_sm_0/write_data_1_F_reg[23]

  Ref  DFF        Name(Last) r:/WORK/fft_top/fft_ctrl_sm_0/write_data_1_F_reg[24]
  Impl DFF        Name(Last) i:/WORK/fft_top/fft_ctrl_sm_0/write_data_1_F_reg[24]

  Ref  DFF        Name(Last) r:/WORK/fft_top/fft_ctrl_sm_0/write_data_1_F_reg[25]
  Impl DFF        Name(Last) i:/WORK/fft_top/fft_ctrl_sm_0/write_data_1_F_reg[25]

  Ref  DFF        Name(Last) r:/WORK/fft_top/fft_ctrl_sm_0/write_data_1_F_reg[26]
  Impl DFF        Name(Last) i:/WORK/fft_top/fft_ctrl_sm_0/write_data_1_F_reg[26]

  Ref  DFF        Name(Last) r:/WORK/fft_top/fft_ctrl_sm_0/write_data_1_F_reg[27]
  Impl DFF        Name(Last) i:/WORK/fft_top/fft_ctrl_sm_0/write_data_1_F_reg[27]

  Ref  DFF        Name(Last) r:/WORK/fft_top/fft_ctrl_sm_0/write_data_1_F_reg[28]
  Impl DFF        Name(Last) i:/WORK/fft_top/fft_ctrl_sm_0/write_data_1_F_reg[28]

  Ref  DFF        Name(Last) r:/WORK/fft_top/fft_ctrl_sm_0/write_data_1_F_reg[29]
  Impl DFF        Name(Last) i:/WORK/fft_top/fft_ctrl_sm_0/write_data_1_F_reg[29]

  Ref  DFF        Name(Last) r:/WORK/fft_top/fft_ctrl_sm_0/write_data_1_F_reg[2]
  Impl DFF        Name(Last) i:/WORK/fft_top/fft_ctrl_sm_0/write_data_1_F_reg[2]

  Ref  DFF        Name(Last) r:/WORK/fft_top/fft_ctrl_sm_0/write_data_1_F_reg[30]
  Impl DFF        Name(Last) i:/WORK/fft_top/fft_ctrl_sm_0/write_data_1_F_reg[30]

  Ref  DFF        Name(Last) r:/WORK/fft_top/fft_ctrl_sm_0/write_data_1_F_reg[31]
  Impl DFF        Name(Last) i:/WORK/fft_top/fft_ctrl_sm_0/write_data_1_F_reg[31]

  Ref  DFF        Name(Last) r:/WORK/fft_top/fft_ctrl_sm_0/write_data_1_F_reg[3]
  Impl DFF        Name(Last) i:/WORK/fft_top/fft_ctrl_sm_0/write_data_1_F_reg[3]

  Ref  DFF        Name(Last) r:/WORK/fft_top/fft_ctrl_sm_0/write_data_1_F_reg[4]
  Impl DFF        Name(Last) i:/WORK/fft_top/fft_ctrl_sm_0/write_data_1_F_reg[4]

  Ref  DFF        Name(Last) r:/WORK/fft_top/fft_ctrl_sm_0/write_data_1_F_reg[5]
  Impl DFF        Name(Last) i:/WORK/fft_top/fft_ctrl_sm_0/write_data_1_F_reg[5]

  Ref  DFF        Name(Last) r:/WORK/fft_top/fft_ctrl_sm_0/write_data_1_F_reg[6]
  Impl DFF        Name(Last) i:/WORK/fft_top/fft_ctrl_sm_0/write_data_1_F_reg[6]

  Ref  DFF        Name(Last) r:/WORK/fft_top/fft_ctrl_sm_0/write_data_1_F_reg[7]
  Impl DFF        Name(Last) i:/WORK/fft_top/fft_ctrl_sm_0/write_data_1_F_reg[7]

  Ref  DFF        Name(Last) r:/WORK/fft_top/fft_ctrl_sm_0/write_data_1_F_reg[8]
  Impl DFF        Name(Last) i:/WORK/fft_top/fft_ctrl_sm_0/write_data_1_F_reg[8]

  Ref  DFF        Name(Last) r:/WORK/fft_top/fft_ctrl_sm_0/write_data_1_F_reg[9]
  Impl DFF        Name(Last) i:/WORK/fft_top/fft_ctrl_sm_0/write_data_1_F_reg[9]

  Ref  DFF        Name(Last) r:/WORK/fft_top/fft_ctrl_sm_0/write_en_1_F_reg
  Impl DFF        Name(Last) i:/WORK/fft_top/fft_ctrl_sm_0/write_en_1_F_reg

  Ref  DFF        Name(Last) r:/WORK/fft_top/fft_ctrl_sm_0/write_en_2_F_reg
  Impl DFF        Name(Last) i:/WORK/fft_top/fft_ctrl_sm_0/write_en_2_F_reg

  Ref  DFF        Name(Last) r:/WORK/fft_top/mem_32x16_0/mem_array_reg[0][0]
  Impl DFF        Name(Last) i:/WORK/fft_top/mem_32x16_0/mem_array_reg[0][0]

  Ref  DFF        Name(Last) r:/WORK/fft_top/mem_32x16_0/mem_array_reg[0][10]
  Impl DFF        Name(Last) i:/WORK/fft_top/mem_32x16_0/mem_array_reg[0][10]

  Ref  DFF        Name(Last) r:/WORK/fft_top/mem_32x16_0/mem_array_reg[0][11]
  Impl DFF        Name(Last) i:/WORK/fft_top/mem_32x16_0/mem_array_reg[0][11]

  Ref  DFF        Name(Last) r:/WORK/fft_top/mem_32x16_0/mem_array_reg[0][12]
  Impl DFF        Name(Last) i:/WORK/fft_top/mem_32x16_0/mem_array_reg[0][12]

  Ref  DFF        Name(Last) r:/WORK/fft_top/mem_32x16_0/mem_array_reg[0][13]
  Impl DFF        Name(Last) i:/WORK/fft_top/mem_32x16_0/mem_array_reg[0][13]

  Ref  DFF        Name(Last) r:/WORK/fft_top/mem_32x16_0/mem_array_reg[0][14]
  Impl DFF        Name(Last) i:/WORK/fft_top/mem_32x16_0/mem_array_reg[0][14]

  Ref  DFF        Name(Last) r:/WORK/fft_top/mem_32x16_0/mem_array_reg[0][15]
  Impl DFF        Name(Last) i:/WORK/fft_top/mem_32x16_0/mem_array_reg[0][15]

  Ref  DFF        Name(Last) r:/WORK/fft_top/mem_32x16_0/mem_array_reg[0][16]
  Impl DFF        Name(Last) i:/WORK/fft_top/mem_32x16_0/mem_array_reg[0][16]

  Ref  DFF        Name(Last) r:/WORK/fft_top/mem_32x16_0/mem_array_reg[0][17]
  Impl DFF        Name(Last) i:/WORK/fft_top/mem_32x16_0/mem_array_reg[0][17]

  Ref  DFF        Name(Last) r:/WORK/fft_top/mem_32x16_0/mem_array_reg[0][18]
  Impl DFF        Name(Last) i:/WORK/fft_top/mem_32x16_0/mem_array_reg[0][18]

  Ref  DFF        Name(Last) r:/WORK/fft_top/mem_32x16_0/mem_array_reg[0][19]
  Impl DFF        Name(Last) i:/WORK/fft_top/mem_32x16_0/mem_array_reg[0][19]

  Ref  DFF        Name(Last) r:/WORK/fft_top/mem_32x16_0/mem_array_reg[0][1]
  Impl DFF        Name(Last) i:/WORK/fft_top/mem_32x16_0/mem_array_reg[0][1]

  Ref  DFF        Name(Last) r:/WORK/fft_top/mem_32x16_0/mem_array_reg[0][20]
  Impl DFF        Name(Last) i:/WORK/fft_top/mem_32x16_0/mem_array_reg[0][20]

  Ref  DFF        Name(Last) r:/WORK/fft_top/mem_32x16_0/mem_array_reg[0][21]
  Impl DFF        Name(Last) i:/WORK/fft_top/mem_32x16_0/mem_array_reg[0][21]

  Ref  DFF        Name(Last) r:/WORK/fft_top/mem_32x16_0/mem_array_reg[0][22]
  Impl DFF        Name(Last) i:/WORK/fft_top/mem_32x16_0/mem_array_reg[0][22]

  Ref  DFF        Name(Last) r:/WORK/fft_top/mem_32x16_0/mem_array_reg[0][23]
  Impl DFF        Name(Last) i:/WORK/fft_top/mem_32x16_0/mem_array_reg[0][23]

  Ref  DFF        Name(Last) r:/WORK/fft_top/mem_32x16_0/mem_array_reg[0][24]
  Impl DFF        Name(Last) i:/WORK/fft_top/mem_32x16_0/mem_array_reg[0][24]

  Ref  DFF        Name(Last) r:/WORK/fft_top/mem_32x16_0/mem_array_reg[0][25]
  Impl DFF        Name(Last) i:/WORK/fft_top/mem_32x16_0/mem_array_reg[0][25]

  Ref  DFF        Name(Last) r:/WORK/fft_top/mem_32x16_0/mem_array_reg[0][26]
  Impl DFF        Name(Last) i:/WORK/fft_top/mem_32x16_0/mem_array_reg[0][26]

  Ref  DFF        Name(Last) r:/WORK/fft_top/mem_32x16_0/mem_array_reg[0][27]
  Impl DFF        Name(Last) i:/WORK/fft_top/mem_32x16_0/mem_array_reg[0][27]

  Ref  DFF        Name(Last) r:/WORK/fft_top/mem_32x16_0/mem_array_reg[0][28]
  Impl DFF        Name(Last) i:/WORK/fft_top/mem_32x16_0/mem_array_reg[0][28]

  Ref  DFF        Name(Last) r:/WORK/fft_top/mem_32x16_0/mem_array_reg[0][29]
  Impl DFF        Name(Last) i:/WORK/fft_top/mem_32x16_0/mem_array_reg[0][29]

  Ref  DFF        Name(Last) r:/WORK/fft_top/mem_32x16_0/mem_array_reg[0][2]
  Impl DFF        Name(Last) i:/WORK/fft_top/mem_32x16_0/mem_array_reg[0][2]

  Ref  DFF        Name(Last) r:/WORK/fft_top/mem_32x16_0/mem_array_reg[0][30]
  Impl DFF        Name(Last) i:/WORK/fft_top/mem_32x16_0/mem_array_reg[0][30]

  Ref  DFF        Name(Last) r:/WORK/fft_top/mem_32x16_0/mem_array_reg[0][31]
  Impl DFF        Name(Last) i:/WORK/fft_top/mem_32x16_0/mem_array_reg[0][31]

  Ref  DFF        Name(Last) r:/WORK/fft_top/mem_32x16_0/mem_array_reg[0][3]
  Impl DFF        Name(Last) i:/WORK/fft_top/mem_32x16_0/mem_array_reg[0][3]

  Ref  DFF        Name(Last) r:/WORK/fft_top/mem_32x16_0/mem_array_reg[0][4]
  Impl DFF        Name(Last) i:/WORK/fft_top/mem_32x16_0/mem_array_reg[0][4]

  Ref  DFF        Name(Last) r:/WORK/fft_top/mem_32x16_0/mem_array_reg[0][5]
  Impl DFF        Name(Last) i:/WORK/fft_top/mem_32x16_0/mem_array_reg[0][5]

  Ref  DFF        Name(Last) r:/WORK/fft_top/mem_32x16_0/mem_array_reg[0][6]
  Impl DFF        Name(Last) i:/WORK/fft_top/mem_32x16_0/mem_array_reg[0][6]

  Ref  DFF        Name(Last) r:/WORK/fft_top/mem_32x16_0/mem_array_reg[0][7]
  Impl DFF        Name(Last) i:/WORK/fft_top/mem_32x16_0/mem_array_reg[0][7]

  Ref  DFF        Name(Last) r:/WORK/fft_top/mem_32x16_0/mem_array_reg[0][8]
  Impl DFF        Name(Last) i:/WORK/fft_top/mem_32x16_0/mem_array_reg[0][8]

  Ref  DFF        Name(Last) r:/WORK/fft_top/mem_32x16_0/mem_array_reg[0][9]
  Impl DFF        Name(Last) i:/WORK/fft_top/mem_32x16_0/mem_array_reg[0][9]

  Ref  DFF        Name(Last) r:/WORK/fft_top/mem_32x16_0/mem_array_reg[10][0]
  Impl DFF        Name(Last) i:/WORK/fft_top/mem_32x16_0/mem_array_reg[10][0]

  Ref  DFF        Name(Last) r:/WORK/fft_top/mem_32x16_0/mem_array_reg[10][10]
  Impl DFF        Name(Last) i:/WORK/fft_top/mem_32x16_0/mem_array_reg[10][10]

  Ref  DFF        Name(Last) r:/WORK/fft_top/mem_32x16_0/mem_array_reg[10][11]
  Impl DFF        Name(Last) i:/WORK/fft_top/mem_32x16_0/mem_array_reg[10][11]

  Ref  DFF        Name(Last) r:/WORK/fft_top/mem_32x16_0/mem_array_reg[10][12]
  Impl DFF        Name(Last) i:/WORK/fft_top/mem_32x16_0/mem_array_reg[10][12]

  Ref  DFF        Name(Last) r:/WORK/fft_top/mem_32x16_0/mem_array_reg[10][13]
  Impl DFF        Name(Last) i:/WORK/fft_top/mem_32x16_0/mem_array_reg[10][13]

  Ref  DFF        Name(Last) r:/WORK/fft_top/mem_32x16_0/mem_array_reg[10][14]
  Impl DFF        Name(Last) i:/WORK/fft_top/mem_32x16_0/mem_array_reg[10][14]

  Ref  DFF        Name(Last) r:/WORK/fft_top/mem_32x16_0/mem_array_reg[10][15]
  Impl DFF        Name(Last) i:/WORK/fft_top/mem_32x16_0/mem_array_reg[10][15]

  Ref  DFF        Name(Last) r:/WORK/fft_top/mem_32x16_0/mem_array_reg[10][16]
  Impl DFF        Name(Last) i:/WORK/fft_top/mem_32x16_0/mem_array_reg[10][16]

  Ref  DFF        Name(Last) r:/WORK/fft_top/mem_32x16_0/mem_array_reg[10][17]
  Impl DFF        Name(Last) i:/WORK/fft_top/mem_32x16_0/mem_array_reg[10][17]

  Ref  DFF        Name(Last) r:/WORK/fft_top/mem_32x16_0/mem_array_reg[10][18]
  Impl DFF        Name(Last) i:/WORK/fft_top/mem_32x16_0/mem_array_reg[10][18]

  Ref  DFF        Name(Last) r:/WORK/fft_top/mem_32x16_0/mem_array_reg[10][19]
  Impl DFF        Name(Last) i:/WORK/fft_top/mem_32x16_0/mem_array_reg[10][19]

  Ref  DFF        Name(Last) r:/WORK/fft_top/mem_32x16_0/mem_array_reg[10][1]
  Impl DFF        Name(Last) i:/WORK/fft_top/mem_32x16_0/mem_array_reg[10][1]

  Ref  DFF        Name(Last) r:/WORK/fft_top/mem_32x16_0/mem_array_reg[10][20]
  Impl DFF        Name(Last) i:/WORK/fft_top/mem_32x16_0/mem_array_reg[10][20]

  Ref  DFF        Name(Last) r:/WORK/fft_top/mem_32x16_0/mem_array_reg[10][21]
  Impl DFF        Name(Last) i:/WORK/fft_top/mem_32x16_0/mem_array_reg[10][21]

  Ref  DFF        Name(Last) r:/WORK/fft_top/mem_32x16_0/mem_array_reg[10][22]
  Impl DFF        Name(Last) i:/WORK/fft_top/mem_32x16_0/mem_array_reg[10][22]

  Ref  DFF        Name(Last) r:/WORK/fft_top/mem_32x16_0/mem_array_reg[10][23]
  Impl DFF        Name(Last) i:/WORK/fft_top/mem_32x16_0/mem_array_reg[10][23]

  Ref  DFF        Name(Last) r:/WORK/fft_top/mem_32x16_0/mem_array_reg[10][24]
  Impl DFF        Name(Last) i:/WORK/fft_top/mem_32x16_0/mem_array_reg[10][24]

  Ref  DFF        Name(Last) r:/WORK/fft_top/mem_32x16_0/mem_array_reg[10][25]
  Impl DFF        Name(Last) i:/WORK/fft_top/mem_32x16_0/mem_array_reg[10][25]

  Ref  DFF        Name(Last) r:/WORK/fft_top/mem_32x16_0/mem_array_reg[10][26]
  Impl DFF        Name(Last) i:/WORK/fft_top/mem_32x16_0/mem_array_reg[10][26]

  Ref  DFF        Name(Last) r:/WORK/fft_top/mem_32x16_0/mem_array_reg[10][27]
  Impl DFF        Name(Last) i:/WORK/fft_top/mem_32x16_0/mem_array_reg[10][27]

  Ref  DFF        Name(Last) r:/WORK/fft_top/mem_32x16_0/mem_array_reg[10][28]
  Impl DFF        Name(Last) i:/WORK/fft_top/mem_32x16_0/mem_array_reg[10][28]

  Ref  DFF        Name(Last) r:/WORK/fft_top/mem_32x16_0/mem_array_reg[10][29]
  Impl DFF        Name(Last) i:/WORK/fft_top/mem_32x16_0/mem_array_reg[10][29]

  Ref  DFF        Name(Last) r:/WORK/fft_top/mem_32x16_0/mem_array_reg[10][2]
  Impl DFF        Name(Last) i:/WORK/fft_top/mem_32x16_0/mem_array_reg[10][2]

  Ref  DFF        Name(Last) r:/WORK/fft_top/mem_32x16_0/mem_array_reg[10][30]
  Impl DFF        Name(Last) i:/WORK/fft_top/mem_32x16_0/mem_array_reg[10][30]

  Ref  DFF        Name(Last) r:/WORK/fft_top/mem_32x16_0/mem_array_reg[10][31]
  Impl DFF        Name(Last) i:/WORK/fft_top/mem_32x16_0/mem_array_reg[10][31]

  Ref  DFF        Name(Last) r:/WORK/fft_top/mem_32x16_0/mem_array_reg[10][3]
  Impl DFF        Name(Last) i:/WORK/fft_top/mem_32x16_0/mem_array_reg[10][3]

  Ref  DFF        Name(Last) r:/WORK/fft_top/mem_32x16_0/mem_array_reg[10][4]
  Impl DFF        Name(Last) i:/WORK/fft_top/mem_32x16_0/mem_array_reg[10][4]

  Ref  DFF        Name(Last) r:/WORK/fft_top/mem_32x16_0/mem_array_reg[10][5]
  Impl DFF        Name(Last) i:/WORK/fft_top/mem_32x16_0/mem_array_reg[10][5]

  Ref  DFF        Name(Last) r:/WORK/fft_top/mem_32x16_0/mem_array_reg[10][6]
  Impl DFF        Name(Last) i:/WORK/fft_top/mem_32x16_0/mem_array_reg[10][6]

  Ref  DFF        Name(Last) r:/WORK/fft_top/mem_32x16_0/mem_array_reg[10][7]
  Impl DFF        Name(Last) i:/WORK/fft_top/mem_32x16_0/mem_array_reg[10][7]

  Ref  DFF        Name(Last) r:/WORK/fft_top/mem_32x16_0/mem_array_reg[10][8]
  Impl DFF        Name(Last) i:/WORK/fft_top/mem_32x16_0/mem_array_reg[10][8]

  Ref  DFF        Name(Last) r:/WORK/fft_top/mem_32x16_0/mem_array_reg[10][9]
  Impl DFF        Name(Last) i:/WORK/fft_top/mem_32x16_0/mem_array_reg[10][9]

  Ref  DFF        Name(Last) r:/WORK/fft_top/mem_32x16_0/mem_array_reg[11][0]
  Impl DFF        Name(Last) i:/WORK/fft_top/mem_32x16_0/mem_array_reg[11][0]

  Ref  DFF        Name(Last) r:/WORK/fft_top/mem_32x16_0/mem_array_reg[11][10]
  Impl DFF        Name(Last) i:/WORK/fft_top/mem_32x16_0/mem_array_reg[11][10]

  Ref  DFF        Name(Last) r:/WORK/fft_top/mem_32x16_0/mem_array_reg[11][11]
  Impl DFF        Name(Last) i:/WORK/fft_top/mem_32x16_0/mem_array_reg[11][11]

  Ref  DFF        Name(Last) r:/WORK/fft_top/mem_32x16_0/mem_array_reg[11][12]
  Impl DFF        Name(Last) i:/WORK/fft_top/mem_32x16_0/mem_array_reg[11][12]

  Ref  DFF        Name(Last) r:/WORK/fft_top/mem_32x16_0/mem_array_reg[11][13]
  Impl DFF        Name(Last) i:/WORK/fft_top/mem_32x16_0/mem_array_reg[11][13]

  Ref  DFF        Name(Last) r:/WORK/fft_top/mem_32x16_0/mem_array_reg[11][14]
  Impl DFF        Name(Last) i:/WORK/fft_top/mem_32x16_0/mem_array_reg[11][14]

  Ref  DFF        Name(Last) r:/WORK/fft_top/mem_32x16_0/mem_array_reg[11][15]
  Impl DFF        Name(Last) i:/WORK/fft_top/mem_32x16_0/mem_array_reg[11][15]

  Ref  DFF        Name(Last) r:/WORK/fft_top/mem_32x16_0/mem_array_reg[11][16]
  Impl DFF        Name(Last) i:/WORK/fft_top/mem_32x16_0/mem_array_reg[11][16]

  Ref  DFF        Name(Last) r:/WORK/fft_top/mem_32x16_0/mem_array_reg[11][17]
  Impl DFF        Name(Last) i:/WORK/fft_top/mem_32x16_0/mem_array_reg[11][17]

  Ref  DFF        Name(Last) r:/WORK/fft_top/mem_32x16_0/mem_array_reg[11][18]
  Impl DFF        Name(Last) i:/WORK/fft_top/mem_32x16_0/mem_array_reg[11][18]

  Ref  DFF        Name(Last) r:/WORK/fft_top/mem_32x16_0/mem_array_reg[11][19]
  Impl DFF        Name(Last) i:/WORK/fft_top/mem_32x16_0/mem_array_reg[11][19]

  Ref  DFF        Name(Last) r:/WORK/fft_top/mem_32x16_0/mem_array_reg[11][1]
  Impl DFF        Name(Last) i:/WORK/fft_top/mem_32x16_0/mem_array_reg[11][1]

  Ref  DFF        Name(Last) r:/WORK/fft_top/mem_32x16_0/mem_array_reg[11][20]
  Impl DFF        Name(Last) i:/WORK/fft_top/mem_32x16_0/mem_array_reg[11][20]

  Ref  DFF        Name(Last) r:/WORK/fft_top/mem_32x16_0/mem_array_reg[11][21]
  Impl DFF        Name(Last) i:/WORK/fft_top/mem_32x16_0/mem_array_reg[11][21]

  Ref  DFF        Name(Last) r:/WORK/fft_top/mem_32x16_0/mem_array_reg[11][22]
  Impl DFF        Name(Last) i:/WORK/fft_top/mem_32x16_0/mem_array_reg[11][22]

  Ref  DFF        Name(Last) r:/WORK/fft_top/mem_32x16_0/mem_array_reg[11][23]
  Impl DFF        Name(Last) i:/WORK/fft_top/mem_32x16_0/mem_array_reg[11][23]

  Ref  DFF        Name(Last) r:/WORK/fft_top/mem_32x16_0/mem_array_reg[11][24]
  Impl DFF        Name(Last) i:/WORK/fft_top/mem_32x16_0/mem_array_reg[11][24]

  Ref  DFF        Name(Last) r:/WORK/fft_top/mem_32x16_0/mem_array_reg[11][25]
  Impl DFF        Name(Last) i:/WORK/fft_top/mem_32x16_0/mem_array_reg[11][25]

  Ref  DFF        Name(Last) r:/WORK/fft_top/mem_32x16_0/mem_array_reg[11][26]
  Impl DFF        Name(Last) i:/WORK/fft_top/mem_32x16_0/mem_array_reg[11][26]

  Ref  DFF        Name(Last) r:/WORK/fft_top/mem_32x16_0/mem_array_reg[11][27]
  Impl DFF        Name(Last) i:/WORK/fft_top/mem_32x16_0/mem_array_reg[11][27]

  Ref  DFF        Name(Last) r:/WORK/fft_top/mem_32x16_0/mem_array_reg[11][28]
  Impl DFF        Name(Last) i:/WORK/fft_top/mem_32x16_0/mem_array_reg[11][28]

  Ref  DFF        Name(Last) r:/WORK/fft_top/mem_32x16_0/mem_array_reg[11][29]
  Impl DFF        Name(Last) i:/WORK/fft_top/mem_32x16_0/mem_array_reg[11][29]

  Ref  DFF        Name(Last) r:/WORK/fft_top/mem_32x16_0/mem_array_reg[11][2]
  Impl DFF        Name(Last) i:/WORK/fft_top/mem_32x16_0/mem_array_reg[11][2]

  Ref  DFF        Name(Last) r:/WORK/fft_top/mem_32x16_0/mem_array_reg[11][30]
  Impl DFF        Name(Last) i:/WORK/fft_top/mem_32x16_0/mem_array_reg[11][30]

  Ref  DFF        Name(Last) r:/WORK/fft_top/mem_32x16_0/mem_array_reg[11][31]
  Impl DFF        Name(Last) i:/WORK/fft_top/mem_32x16_0/mem_array_reg[11][31]

  Ref  DFF        Name(Last) r:/WORK/fft_top/mem_32x16_0/mem_array_reg[11][3]
  Impl DFF        Name(Last) i:/WORK/fft_top/mem_32x16_0/mem_array_reg[11][3]

  Ref  DFF        Name(Last) r:/WORK/fft_top/mem_32x16_0/mem_array_reg[11][4]
  Impl DFF        Name(Last) i:/WORK/fft_top/mem_32x16_0/mem_array_reg[11][4]

  Ref  DFF        Name(Last) r:/WORK/fft_top/mem_32x16_0/mem_array_reg[11][5]
  Impl DFF        Name(Last) i:/WORK/fft_top/mem_32x16_0/mem_array_reg[11][5]

  Ref  DFF        Name(Last) r:/WORK/fft_top/mem_32x16_0/mem_array_reg[11][6]
  Impl DFF        Name(Last) i:/WORK/fft_top/mem_32x16_0/mem_array_reg[11][6]

  Ref  DFF        Name(Last) r:/WORK/fft_top/mem_32x16_0/mem_array_reg[11][7]
  Impl DFF        Name(Last) i:/WORK/fft_top/mem_32x16_0/mem_array_reg[11][7]

  Ref  DFF        Name(Last) r:/WORK/fft_top/mem_32x16_0/mem_array_reg[11][8]
  Impl DFF        Name(Last) i:/WORK/fft_top/mem_32x16_0/mem_array_reg[11][8]

  Ref  DFF        Name(Last) r:/WORK/fft_top/mem_32x16_0/mem_array_reg[11][9]
  Impl DFF        Name(Last) i:/WORK/fft_top/mem_32x16_0/mem_array_reg[11][9]

  Ref  DFF        Name(Last) r:/WORK/fft_top/mem_32x16_0/mem_array_reg[12][0]
  Impl DFF        Name(Last) i:/WORK/fft_top/mem_32x16_0/mem_array_reg[12][0]

  Ref  DFF        Name(Last) r:/WORK/fft_top/mem_32x16_0/mem_array_reg[12][10]
  Impl DFF        Name(Last) i:/WORK/fft_top/mem_32x16_0/mem_array_reg[12][10]

  Ref  DFF        Name(Last) r:/WORK/fft_top/mem_32x16_0/mem_array_reg[12][11]
  Impl DFF        Name(Last) i:/WORK/fft_top/mem_32x16_0/mem_array_reg[12][11]

  Ref  DFF        Name(Last) r:/WORK/fft_top/mem_32x16_0/mem_array_reg[12][12]
  Impl DFF        Name(Last) i:/WORK/fft_top/mem_32x16_0/mem_array_reg[12][12]

  Ref  DFF        Name(Last) r:/WORK/fft_top/mem_32x16_0/mem_array_reg[12][13]
  Impl DFF        Name(Last) i:/WORK/fft_top/mem_32x16_0/mem_array_reg[12][13]

  Ref  DFF        Name(Last) r:/WORK/fft_top/mem_32x16_0/mem_array_reg[12][14]
  Impl DFF        Name(Last) i:/WORK/fft_top/mem_32x16_0/mem_array_reg[12][14]

  Ref  DFF        Name(Last) r:/WORK/fft_top/mem_32x16_0/mem_array_reg[12][15]
  Impl DFF        Name(Last) i:/WORK/fft_top/mem_32x16_0/mem_array_reg[12][15]

  Ref  DFF        Name(Last) r:/WORK/fft_top/mem_32x16_0/mem_array_reg[12][16]
  Impl DFF        Name(Last) i:/WORK/fft_top/mem_32x16_0/mem_array_reg[12][16]

  Ref  DFF        Name(Last) r:/WORK/fft_top/mem_32x16_0/mem_array_reg[12][17]
  Impl DFF        Name(Last) i:/WORK/fft_top/mem_32x16_0/mem_array_reg[12][17]

  Ref  DFF        Name(Last) r:/WORK/fft_top/mem_32x16_0/mem_array_reg[12][18]
  Impl DFF        Name(Last) i:/WORK/fft_top/mem_32x16_0/mem_array_reg[12][18]

  Ref  DFF        Name(Last) r:/WORK/fft_top/mem_32x16_0/mem_array_reg[12][19]
  Impl DFF        Name(Last) i:/WORK/fft_top/mem_32x16_0/mem_array_reg[12][19]

  Ref  DFF        Name(Last) r:/WORK/fft_top/mem_32x16_0/mem_array_reg[12][1]
  Impl DFF        Name(Last) i:/WORK/fft_top/mem_32x16_0/mem_array_reg[12][1]

  Ref  DFF        Name(Last) r:/WORK/fft_top/mem_32x16_0/mem_array_reg[12][20]
  Impl DFF        Name(Last) i:/WORK/fft_top/mem_32x16_0/mem_array_reg[12][20]

  Ref  DFF        Name(Last) r:/WORK/fft_top/mem_32x16_0/mem_array_reg[12][21]
  Impl DFF        Name(Last) i:/WORK/fft_top/mem_32x16_0/mem_array_reg[12][21]

  Ref  DFF        Name(Last) r:/WORK/fft_top/mem_32x16_0/mem_array_reg[12][22]
  Impl DFF        Name(Last) i:/WORK/fft_top/mem_32x16_0/mem_array_reg[12][22]

  Ref  DFF        Name(Last) r:/WORK/fft_top/mem_32x16_0/mem_array_reg[12][23]
  Impl DFF        Name(Last) i:/WORK/fft_top/mem_32x16_0/mem_array_reg[12][23]

  Ref  DFF        Name(Last) r:/WORK/fft_top/mem_32x16_0/mem_array_reg[12][24]
  Impl DFF        Name(Last) i:/WORK/fft_top/mem_32x16_0/mem_array_reg[12][24]

  Ref  DFF        Name(Last) r:/WORK/fft_top/mem_32x16_0/mem_array_reg[12][25]
  Impl DFF        Name(Last) i:/WORK/fft_top/mem_32x16_0/mem_array_reg[12][25]

  Ref  DFF        Name(Last) r:/WORK/fft_top/mem_32x16_0/mem_array_reg[12][26]
  Impl DFF        Name(Last) i:/WORK/fft_top/mem_32x16_0/mem_array_reg[12][26]

  Ref  DFF        Name(Last) r:/WORK/fft_top/mem_32x16_0/mem_array_reg[12][27]
  Impl DFF        Name(Last) i:/WORK/fft_top/mem_32x16_0/mem_array_reg[12][27]

  Ref  DFF        Name(Last) r:/WORK/fft_top/mem_32x16_0/mem_array_reg[12][28]
  Impl DFF        Name(Last) i:/WORK/fft_top/mem_32x16_0/mem_array_reg[12][28]

  Ref  DFF        Name(Last) r:/WORK/fft_top/mem_32x16_0/mem_array_reg[12][29]
  Impl DFF        Name(Last) i:/WORK/fft_top/mem_32x16_0/mem_array_reg[12][29]

  Ref  DFF        Name(Last) r:/WORK/fft_top/mem_32x16_0/mem_array_reg[12][2]
  Impl DFF        Name(Last) i:/WORK/fft_top/mem_32x16_0/mem_array_reg[12][2]

  Ref  DFF        Name(Last) r:/WORK/fft_top/mem_32x16_0/mem_array_reg[12][30]
  Impl DFF        Name(Last) i:/WORK/fft_top/mem_32x16_0/mem_array_reg[12][30]

  Ref  DFF        Name(Last) r:/WORK/fft_top/mem_32x16_0/mem_array_reg[12][31]
  Impl DFF        Name(Last) i:/WORK/fft_top/mem_32x16_0/mem_array_reg[12][31]

  Ref  DFF        Name(Last) r:/WORK/fft_top/mem_32x16_0/mem_array_reg[12][3]
  Impl DFF        Name(Last) i:/WORK/fft_top/mem_32x16_0/mem_array_reg[12][3]

  Ref  DFF        Name(Last) r:/WORK/fft_top/mem_32x16_0/mem_array_reg[12][4]
  Impl DFF        Name(Last) i:/WORK/fft_top/mem_32x16_0/mem_array_reg[12][4]

  Ref  DFF        Name(Last) r:/WORK/fft_top/mem_32x16_0/mem_array_reg[12][5]
  Impl DFF        Name(Last) i:/WORK/fft_top/mem_32x16_0/mem_array_reg[12][5]

  Ref  DFF        Name(Last) r:/WORK/fft_top/mem_32x16_0/mem_array_reg[12][6]
  Impl DFF        Name(Last) i:/WORK/fft_top/mem_32x16_0/mem_array_reg[12][6]

  Ref  DFF        Name(Last) r:/WORK/fft_top/mem_32x16_0/mem_array_reg[12][7]
  Impl DFF        Name(Last) i:/WORK/fft_top/mem_32x16_0/mem_array_reg[12][7]

  Ref  DFF        Name(Last) r:/WORK/fft_top/mem_32x16_0/mem_array_reg[12][8]
  Impl DFF        Name(Last) i:/WORK/fft_top/mem_32x16_0/mem_array_reg[12][8]

  Ref  DFF        Name(Last) r:/WORK/fft_top/mem_32x16_0/mem_array_reg[12][9]
  Impl DFF        Name(Last) i:/WORK/fft_top/mem_32x16_0/mem_array_reg[12][9]

  Ref  DFF        Name(Last) r:/WORK/fft_top/mem_32x16_0/mem_array_reg[13][0]
  Impl DFF        Name(Last) i:/WORK/fft_top/mem_32x16_0/mem_array_reg[13][0]

  Ref  DFF        Name(Last) r:/WORK/fft_top/mem_32x16_0/mem_array_reg[13][10]
  Impl DFF        Name(Last) i:/WORK/fft_top/mem_32x16_0/mem_array_reg[13][10]

  Ref  DFF        Name(Last) r:/WORK/fft_top/mem_32x16_0/mem_array_reg[13][11]
  Impl DFF        Name(Last) i:/WORK/fft_top/mem_32x16_0/mem_array_reg[13][11]

  Ref  DFF        Name(Last) r:/WORK/fft_top/mem_32x16_0/mem_array_reg[13][12]
  Impl DFF        Name(Last) i:/WORK/fft_top/mem_32x16_0/mem_array_reg[13][12]

  Ref  DFF        Name(Last) r:/WORK/fft_top/mem_32x16_0/mem_array_reg[13][13]
  Impl DFF        Name(Last) i:/WORK/fft_top/mem_32x16_0/mem_array_reg[13][13]

  Ref  DFF        Name(Last) r:/WORK/fft_top/mem_32x16_0/mem_array_reg[13][14]
  Impl DFF        Name(Last) i:/WORK/fft_top/mem_32x16_0/mem_array_reg[13][14]

  Ref  DFF        Name(Last) r:/WORK/fft_top/mem_32x16_0/mem_array_reg[13][15]
  Impl DFF        Name(Last) i:/WORK/fft_top/mem_32x16_0/mem_array_reg[13][15]

  Ref  DFF        Name(Last) r:/WORK/fft_top/mem_32x16_0/mem_array_reg[13][16]
  Impl DFF        Name(Last) i:/WORK/fft_top/mem_32x16_0/mem_array_reg[13][16]

  Ref  DFF        Name(Last) r:/WORK/fft_top/mem_32x16_0/mem_array_reg[13][17]
  Impl DFF        Name(Last) i:/WORK/fft_top/mem_32x16_0/mem_array_reg[13][17]

  Ref  DFF        Name(Last) r:/WORK/fft_top/mem_32x16_0/mem_array_reg[13][18]
  Impl DFF        Name(Last) i:/WORK/fft_top/mem_32x16_0/mem_array_reg[13][18]

  Ref  DFF        Name(Last) r:/WORK/fft_top/mem_32x16_0/mem_array_reg[13][19]
  Impl DFF        Name(Last) i:/WORK/fft_top/mem_32x16_0/mem_array_reg[13][19]

  Ref  DFF        Name(Last) r:/WORK/fft_top/mem_32x16_0/mem_array_reg[13][1]
  Impl DFF        Name(Last) i:/WORK/fft_top/mem_32x16_0/mem_array_reg[13][1]

  Ref  DFF        Name(Last) r:/WORK/fft_top/mem_32x16_0/mem_array_reg[13][20]
  Impl DFF        Name(Last) i:/WORK/fft_top/mem_32x16_0/mem_array_reg[13][20]

  Ref  DFF        Name(Last) r:/WORK/fft_top/mem_32x16_0/mem_array_reg[13][21]
  Impl DFF        Name(Last) i:/WORK/fft_top/mem_32x16_0/mem_array_reg[13][21]

  Ref  DFF        Name(Last) r:/WORK/fft_top/mem_32x16_0/mem_array_reg[13][22]
  Impl DFF        Name(Last) i:/WORK/fft_top/mem_32x16_0/mem_array_reg[13][22]

  Ref  DFF        Name(Last) r:/WORK/fft_top/mem_32x16_0/mem_array_reg[13][23]
  Impl DFF        Name(Last) i:/WORK/fft_top/mem_32x16_0/mem_array_reg[13][23]

  Ref  DFF        Name(Last) r:/WORK/fft_top/mem_32x16_0/mem_array_reg[13][24]
  Impl DFF        Name(Last) i:/WORK/fft_top/mem_32x16_0/mem_array_reg[13][24]

  Ref  DFF        Name(Last) r:/WORK/fft_top/mem_32x16_0/mem_array_reg[13][25]
  Impl DFF        Name(Last) i:/WORK/fft_top/mem_32x16_0/mem_array_reg[13][25]

  Ref  DFF        Name(Last) r:/WORK/fft_top/mem_32x16_0/mem_array_reg[13][26]
  Impl DFF        Name(Last) i:/WORK/fft_top/mem_32x16_0/mem_array_reg[13][26]

  Ref  DFF        Name(Last) r:/WORK/fft_top/mem_32x16_0/mem_array_reg[13][27]
  Impl DFF        Name(Last) i:/WORK/fft_top/mem_32x16_0/mem_array_reg[13][27]

  Ref  DFF        Name(Last) r:/WORK/fft_top/mem_32x16_0/mem_array_reg[13][28]
  Impl DFF        Name(Last) i:/WORK/fft_top/mem_32x16_0/mem_array_reg[13][28]

  Ref  DFF        Name(Last) r:/WORK/fft_top/mem_32x16_0/mem_array_reg[13][29]
  Impl DFF        Name(Last) i:/WORK/fft_top/mem_32x16_0/mem_array_reg[13][29]

  Ref  DFF        Name(Last) r:/WORK/fft_top/mem_32x16_0/mem_array_reg[13][2]
  Impl DFF        Name(Last) i:/WORK/fft_top/mem_32x16_0/mem_array_reg[13][2]

  Ref  DFF        Name(Last) r:/WORK/fft_top/mem_32x16_0/mem_array_reg[13][30]
  Impl DFF        Name(Last) i:/WORK/fft_top/mem_32x16_0/mem_array_reg[13][30]

  Ref  DFF        Name(Last) r:/WORK/fft_top/mem_32x16_0/mem_array_reg[13][31]
  Impl DFF        Name(Last) i:/WORK/fft_top/mem_32x16_0/mem_array_reg[13][31]

  Ref  DFF        Name(Last) r:/WORK/fft_top/mem_32x16_0/mem_array_reg[13][3]
  Impl DFF        Name(Last) i:/WORK/fft_top/mem_32x16_0/mem_array_reg[13][3]

  Ref  DFF        Name(Last) r:/WORK/fft_top/mem_32x16_0/mem_array_reg[13][4]
  Impl DFF        Name(Last) i:/WORK/fft_top/mem_32x16_0/mem_array_reg[13][4]

  Ref  DFF        Name(Last) r:/WORK/fft_top/mem_32x16_0/mem_array_reg[13][5]
  Impl DFF        Name(Last) i:/WORK/fft_top/mem_32x16_0/mem_array_reg[13][5]

  Ref  DFF        Name(Last) r:/WORK/fft_top/mem_32x16_0/mem_array_reg[13][6]
  Impl DFF        Name(Last) i:/WORK/fft_top/mem_32x16_0/mem_array_reg[13][6]

  Ref  DFF        Name(Last) r:/WORK/fft_top/mem_32x16_0/mem_array_reg[13][7]
  Impl DFF        Name(Last) i:/WORK/fft_top/mem_32x16_0/mem_array_reg[13][7]

  Ref  DFF        Name(Last) r:/WORK/fft_top/mem_32x16_0/mem_array_reg[13][8]
  Impl DFF        Name(Last) i:/WORK/fft_top/mem_32x16_0/mem_array_reg[13][8]

  Ref  DFF        Name(Last) r:/WORK/fft_top/mem_32x16_0/mem_array_reg[13][9]
  Impl DFF        Name(Last) i:/WORK/fft_top/mem_32x16_0/mem_array_reg[13][9]

  Ref  DFF        Name(Last) r:/WORK/fft_top/mem_32x16_0/mem_array_reg[14][0]
  Impl DFF        Name(Last) i:/WORK/fft_top/mem_32x16_0/mem_array_reg[14][0]

  Ref  DFF        Name(Last) r:/WORK/fft_top/mem_32x16_0/mem_array_reg[14][10]
  Impl DFF        Name(Last) i:/WORK/fft_top/mem_32x16_0/mem_array_reg[14][10]

  Ref  DFF        Name(Last) r:/WORK/fft_top/mem_32x16_0/mem_array_reg[14][11]
  Impl DFF        Name(Last) i:/WORK/fft_top/mem_32x16_0/mem_array_reg[14][11]

  Ref  DFF        Name(Last) r:/WORK/fft_top/mem_32x16_0/mem_array_reg[14][12]
  Impl DFF        Name(Last) i:/WORK/fft_top/mem_32x16_0/mem_array_reg[14][12]

  Ref  DFF        Name(Last) r:/WORK/fft_top/mem_32x16_0/mem_array_reg[14][13]
  Impl DFF        Name(Last) i:/WORK/fft_top/mem_32x16_0/mem_array_reg[14][13]

  Ref  DFF        Name(Last) r:/WORK/fft_top/mem_32x16_0/mem_array_reg[14][14]
  Impl DFF        Name(Last) i:/WORK/fft_top/mem_32x16_0/mem_array_reg[14][14]

  Ref  DFF        Name(Last) r:/WORK/fft_top/mem_32x16_0/mem_array_reg[14][15]
  Impl DFF        Name(Last) i:/WORK/fft_top/mem_32x16_0/mem_array_reg[14][15]

  Ref  DFF        Name(Last) r:/WORK/fft_top/mem_32x16_0/mem_array_reg[14][16]
  Impl DFF        Name(Last) i:/WORK/fft_top/mem_32x16_0/mem_array_reg[14][16]

  Ref  DFF        Name(Last) r:/WORK/fft_top/mem_32x16_0/mem_array_reg[14][17]
  Impl DFF        Name(Last) i:/WORK/fft_top/mem_32x16_0/mem_array_reg[14][17]

  Ref  DFF        Name(Last) r:/WORK/fft_top/mem_32x16_0/mem_array_reg[14][18]
  Impl DFF        Name(Last) i:/WORK/fft_top/mem_32x16_0/mem_array_reg[14][18]

  Ref  DFF        Name(Last) r:/WORK/fft_top/mem_32x16_0/mem_array_reg[14][19]
  Impl DFF        Name(Last) i:/WORK/fft_top/mem_32x16_0/mem_array_reg[14][19]

  Ref  DFF        Name(Last) r:/WORK/fft_top/mem_32x16_0/mem_array_reg[14][1]
  Impl DFF        Name(Last) i:/WORK/fft_top/mem_32x16_0/mem_array_reg[14][1]

  Ref  DFF        Name(Last) r:/WORK/fft_top/mem_32x16_0/mem_array_reg[14][20]
  Impl DFF        Name(Last) i:/WORK/fft_top/mem_32x16_0/mem_array_reg[14][20]

  Ref  DFF        Name(Last) r:/WORK/fft_top/mem_32x16_0/mem_array_reg[14][21]
  Impl DFF        Name(Last) i:/WORK/fft_top/mem_32x16_0/mem_array_reg[14][21]

  Ref  DFF        Name(Last) r:/WORK/fft_top/mem_32x16_0/mem_array_reg[14][22]
  Impl DFF        Name(Last) i:/WORK/fft_top/mem_32x16_0/mem_array_reg[14][22]

  Ref  DFF        Name(Last) r:/WORK/fft_top/mem_32x16_0/mem_array_reg[14][23]
  Impl DFF        Name(Last) i:/WORK/fft_top/mem_32x16_0/mem_array_reg[14][23]

  Ref  DFF        Name(Last) r:/WORK/fft_top/mem_32x16_0/mem_array_reg[14][24]
  Impl DFF        Name(Last) i:/WORK/fft_top/mem_32x16_0/mem_array_reg[14][24]

  Ref  DFF        Name(Last) r:/WORK/fft_top/mem_32x16_0/mem_array_reg[14][25]
  Impl DFF        Name(Last) i:/WORK/fft_top/mem_32x16_0/mem_array_reg[14][25]

  Ref  DFF        Name(Last) r:/WORK/fft_top/mem_32x16_0/mem_array_reg[14][26]
  Impl DFF        Name(Last) i:/WORK/fft_top/mem_32x16_0/mem_array_reg[14][26]

  Ref  DFF        Name(Last) r:/WORK/fft_top/mem_32x16_0/mem_array_reg[14][27]
  Impl DFF        Name(Last) i:/WORK/fft_top/mem_32x16_0/mem_array_reg[14][27]

  Ref  DFF        Name(Last) r:/WORK/fft_top/mem_32x16_0/mem_array_reg[14][28]
  Impl DFF        Name(Last) i:/WORK/fft_top/mem_32x16_0/mem_array_reg[14][28]

  Ref  DFF        Name(Last) r:/WORK/fft_top/mem_32x16_0/mem_array_reg[14][29]
  Impl DFF        Name(Last) i:/WORK/fft_top/mem_32x16_0/mem_array_reg[14][29]

  Ref  DFF        Name(Last) r:/WORK/fft_top/mem_32x16_0/mem_array_reg[14][2]
  Impl DFF        Name(Last) i:/WORK/fft_top/mem_32x16_0/mem_array_reg[14][2]

  Ref  DFF        Name(Last) r:/WORK/fft_top/mem_32x16_0/mem_array_reg[14][30]
  Impl DFF        Name(Last) i:/WORK/fft_top/mem_32x16_0/mem_array_reg[14][30]

  Ref  DFF        Name(Last) r:/WORK/fft_top/mem_32x16_0/mem_array_reg[14][31]
  Impl DFF        Name(Last) i:/WORK/fft_top/mem_32x16_0/mem_array_reg[14][31]

  Ref  DFF        Name(Last) r:/WORK/fft_top/mem_32x16_0/mem_array_reg[14][3]
  Impl DFF        Name(Last) i:/WORK/fft_top/mem_32x16_0/mem_array_reg[14][3]

  Ref  DFF        Name(Last) r:/WORK/fft_top/mem_32x16_0/mem_array_reg[14][4]
  Impl DFF        Name(Last) i:/WORK/fft_top/mem_32x16_0/mem_array_reg[14][4]

  Ref  DFF        Name(Last) r:/WORK/fft_top/mem_32x16_0/mem_array_reg[14][5]
  Impl DFF        Name(Last) i:/WORK/fft_top/mem_32x16_0/mem_array_reg[14][5]

  Ref  DFF        Name(Last) r:/WORK/fft_top/mem_32x16_0/mem_array_reg[14][6]
  Impl DFF        Name(Last) i:/WORK/fft_top/mem_32x16_0/mem_array_reg[14][6]

  Ref  DFF        Name(Last) r:/WORK/fft_top/mem_32x16_0/mem_array_reg[14][7]
  Impl DFF        Name(Last) i:/WORK/fft_top/mem_32x16_0/mem_array_reg[14][7]

  Ref  DFF        Name(Last) r:/WORK/fft_top/mem_32x16_0/mem_array_reg[14][8]
  Impl DFF        Name(Last) i:/WORK/fft_top/mem_32x16_0/mem_array_reg[14][8]

  Ref  DFF        Name(Last) r:/WORK/fft_top/mem_32x16_0/mem_array_reg[14][9]
  Impl DFF        Name(Last) i:/WORK/fft_top/mem_32x16_0/mem_array_reg[14][9]

  Ref  DFF        Name(Last) r:/WORK/fft_top/mem_32x16_0/mem_array_reg[15][0]
  Impl DFF        Name(Last) i:/WORK/fft_top/mem_32x16_0/mem_array_reg[15][0]

  Ref  DFF        Name(Last) r:/WORK/fft_top/mem_32x16_0/mem_array_reg[15][10]
  Impl DFF        Name(Last) i:/WORK/fft_top/mem_32x16_0/mem_array_reg[15][10]

  Ref  DFF        Name(Last) r:/WORK/fft_top/mem_32x16_0/mem_array_reg[15][11]
  Impl DFF        Name(Last) i:/WORK/fft_top/mem_32x16_0/mem_array_reg[15][11]

  Ref  DFF        Name(Last) r:/WORK/fft_top/mem_32x16_0/mem_array_reg[15][12]
  Impl DFF        Name(Last) i:/WORK/fft_top/mem_32x16_0/mem_array_reg[15][12]

  Ref  DFF        Name(Last) r:/WORK/fft_top/mem_32x16_0/mem_array_reg[15][13]
  Impl DFF        Name(Last) i:/WORK/fft_top/mem_32x16_0/mem_array_reg[15][13]

  Ref  DFF        Name(Last) r:/WORK/fft_top/mem_32x16_0/mem_array_reg[15][14]
  Impl DFF        Name(Last) i:/WORK/fft_top/mem_32x16_0/mem_array_reg[15][14]

  Ref  DFF        Name(Last) r:/WORK/fft_top/mem_32x16_0/mem_array_reg[15][15]
  Impl DFF        Name(Last) i:/WORK/fft_top/mem_32x16_0/mem_array_reg[15][15]

  Ref  DFF        Name(Last) r:/WORK/fft_top/mem_32x16_0/mem_array_reg[15][16]
  Impl DFF        Name(Last) i:/WORK/fft_top/mem_32x16_0/mem_array_reg[15][16]

  Ref  DFF        Name(Last) r:/WORK/fft_top/mem_32x16_0/mem_array_reg[15][17]
  Impl DFF        Name(Last) i:/WORK/fft_top/mem_32x16_0/mem_array_reg[15][17]

  Ref  DFF        Name(Last) r:/WORK/fft_top/mem_32x16_0/mem_array_reg[15][18]
  Impl DFF        Name(Last) i:/WORK/fft_top/mem_32x16_0/mem_array_reg[15][18]

  Ref  DFF        Name(Last) r:/WORK/fft_top/mem_32x16_0/mem_array_reg[15][19]
  Impl DFF        Name(Last) i:/WORK/fft_top/mem_32x16_0/mem_array_reg[15][19]

  Ref  DFF        Name(Last) r:/WORK/fft_top/mem_32x16_0/mem_array_reg[15][1]
  Impl DFF        Name(Last) i:/WORK/fft_top/mem_32x16_0/mem_array_reg[15][1]

  Ref  DFF        Name(Last) r:/WORK/fft_top/mem_32x16_0/mem_array_reg[15][20]
  Impl DFF        Name(Last) i:/WORK/fft_top/mem_32x16_0/mem_array_reg[15][20]

  Ref  DFF        Name(Last) r:/WORK/fft_top/mem_32x16_0/mem_array_reg[15][21]
  Impl DFF        Name(Last) i:/WORK/fft_top/mem_32x16_0/mem_array_reg[15][21]

  Ref  DFF        Name(Last) r:/WORK/fft_top/mem_32x16_0/mem_array_reg[15][22]
  Impl DFF        Name(Last) i:/WORK/fft_top/mem_32x16_0/mem_array_reg[15][22]

  Ref  DFF        Name(Last) r:/WORK/fft_top/mem_32x16_0/mem_array_reg[15][23]
  Impl DFF        Name(Last) i:/WORK/fft_top/mem_32x16_0/mem_array_reg[15][23]

  Ref  DFF        Name(Last) r:/WORK/fft_top/mem_32x16_0/mem_array_reg[15][24]
  Impl DFF        Name(Last) i:/WORK/fft_top/mem_32x16_0/mem_array_reg[15][24]

  Ref  DFF        Name(Last) r:/WORK/fft_top/mem_32x16_0/mem_array_reg[15][25]
  Impl DFF        Name(Last) i:/WORK/fft_top/mem_32x16_0/mem_array_reg[15][25]

  Ref  DFF        Name(Last) r:/WORK/fft_top/mem_32x16_0/mem_array_reg[15][26]
  Impl DFF        Name(Last) i:/WORK/fft_top/mem_32x16_0/mem_array_reg[15][26]

  Ref  DFF        Name(Last) r:/WORK/fft_top/mem_32x16_0/mem_array_reg[15][27]
  Impl DFF        Name(Last) i:/WORK/fft_top/mem_32x16_0/mem_array_reg[15][27]

  Ref  DFF        Name(Last) r:/WORK/fft_top/mem_32x16_0/mem_array_reg[15][28]
  Impl DFF        Name(Last) i:/WORK/fft_top/mem_32x16_0/mem_array_reg[15][28]

  Ref  DFF        Name(Last) r:/WORK/fft_top/mem_32x16_0/mem_array_reg[15][29]
  Impl DFF        Name(Last) i:/WORK/fft_top/mem_32x16_0/mem_array_reg[15][29]

  Ref  DFF        Name(Last) r:/WORK/fft_top/mem_32x16_0/mem_array_reg[15][2]
  Impl DFF        Name(Last) i:/WORK/fft_top/mem_32x16_0/mem_array_reg[15][2]

  Ref  DFF        Name(Last) r:/WORK/fft_top/mem_32x16_0/mem_array_reg[15][30]
  Impl DFF        Name(Last) i:/WORK/fft_top/mem_32x16_0/mem_array_reg[15][30]

  Ref  DFF        Name(Last) r:/WORK/fft_top/mem_32x16_0/mem_array_reg[15][31]
  Impl DFF        Name(Last) i:/WORK/fft_top/mem_32x16_0/mem_array_reg[15][31]

  Ref  DFF        Name(Last) r:/WORK/fft_top/mem_32x16_0/mem_array_reg[15][3]
  Impl DFF        Name(Last) i:/WORK/fft_top/mem_32x16_0/mem_array_reg[15][3]

  Ref  DFF        Name(Last) r:/WORK/fft_top/mem_32x16_0/mem_array_reg[15][4]
  Impl DFF        Name(Last) i:/WORK/fft_top/mem_32x16_0/mem_array_reg[15][4]

  Ref  DFF        Name(Last) r:/WORK/fft_top/mem_32x16_0/mem_array_reg[15][5]
  Impl DFF        Name(Last) i:/WORK/fft_top/mem_32x16_0/mem_array_reg[15][5]

  Ref  DFF        Name(Last) r:/WORK/fft_top/mem_32x16_0/mem_array_reg[15][6]
  Impl DFF        Name(Last) i:/WORK/fft_top/mem_32x16_0/mem_array_reg[15][6]

  Ref  DFF        Name(Last) r:/WORK/fft_top/mem_32x16_0/mem_array_reg[15][7]
  Impl DFF        Name(Last) i:/WORK/fft_top/mem_32x16_0/mem_array_reg[15][7]

  Ref  DFF        Name(Last) r:/WORK/fft_top/mem_32x16_0/mem_array_reg[15][8]
  Impl DFF        Name(Last) i:/WORK/fft_top/mem_32x16_0/mem_array_reg[15][8]

  Ref  DFF        Name(Last) r:/WORK/fft_top/mem_32x16_0/mem_array_reg[15][9]
  Impl DFF        Name(Last) i:/WORK/fft_top/mem_32x16_0/mem_array_reg[15][9]

  Ref  DFF        Name(Last) r:/WORK/fft_top/mem_32x16_0/mem_array_reg[1][0]
  Impl DFF        Name(Last) i:/WORK/fft_top/mem_32x16_0/mem_array_reg[1][0]

  Ref  DFF        Name(Last) r:/WORK/fft_top/mem_32x16_0/mem_array_reg[1][10]
  Impl DFF        Name(Last) i:/WORK/fft_top/mem_32x16_0/mem_array_reg[1][10]

  Ref  DFF        Name(Last) r:/WORK/fft_top/mem_32x16_0/mem_array_reg[1][11]
  Impl DFF        Name(Last) i:/WORK/fft_top/mem_32x16_0/mem_array_reg[1][11]

  Ref  DFF        Name(Last) r:/WORK/fft_top/mem_32x16_0/mem_array_reg[1][12]
  Impl DFF        Name(Last) i:/WORK/fft_top/mem_32x16_0/mem_array_reg[1][12]

  Ref  DFF        Name(Last) r:/WORK/fft_top/mem_32x16_0/mem_array_reg[1][13]
  Impl DFF        Name(Last) i:/WORK/fft_top/mem_32x16_0/mem_array_reg[1][13]

  Ref  DFF        Name(Last) r:/WORK/fft_top/mem_32x16_0/mem_array_reg[1][14]
  Impl DFF        Name(Last) i:/WORK/fft_top/mem_32x16_0/mem_array_reg[1][14]

  Ref  DFF        Name(Last) r:/WORK/fft_top/mem_32x16_0/mem_array_reg[1][15]
  Impl DFF        Name(Last) i:/WORK/fft_top/mem_32x16_0/mem_array_reg[1][15]

  Ref  DFF        Name(Last) r:/WORK/fft_top/mem_32x16_0/mem_array_reg[1][16]
  Impl DFF        Name(Last) i:/WORK/fft_top/mem_32x16_0/mem_array_reg[1][16]

  Ref  DFF        Name(Last) r:/WORK/fft_top/mem_32x16_0/mem_array_reg[1][17]
  Impl DFF        Name(Last) i:/WORK/fft_top/mem_32x16_0/mem_array_reg[1][17]

  Ref  DFF        Name(Last) r:/WORK/fft_top/mem_32x16_0/mem_array_reg[1][18]
  Impl DFF        Name(Last) i:/WORK/fft_top/mem_32x16_0/mem_array_reg[1][18]

  Ref  DFF        Name(Last) r:/WORK/fft_top/mem_32x16_0/mem_array_reg[1][19]
  Impl DFF        Name(Last) i:/WORK/fft_top/mem_32x16_0/mem_array_reg[1][19]

  Ref  DFF        Name(Last) r:/WORK/fft_top/mem_32x16_0/mem_array_reg[1][1]
  Impl DFF        Name(Last) i:/WORK/fft_top/mem_32x16_0/mem_array_reg[1][1]

  Ref  DFF        Name(Last) r:/WORK/fft_top/mem_32x16_0/mem_array_reg[1][20]
  Impl DFF        Name(Last) i:/WORK/fft_top/mem_32x16_0/mem_array_reg[1][20]

  Ref  DFF        Name(Last) r:/WORK/fft_top/mem_32x16_0/mem_array_reg[1][21]
  Impl DFF        Name(Last) i:/WORK/fft_top/mem_32x16_0/mem_array_reg[1][21]

  Ref  DFF        Name(Last) r:/WORK/fft_top/mem_32x16_0/mem_array_reg[1][22]
  Impl DFF        Name(Last) i:/WORK/fft_top/mem_32x16_0/mem_array_reg[1][22]

  Ref  DFF        Name(Last) r:/WORK/fft_top/mem_32x16_0/mem_array_reg[1][23]
  Impl DFF        Name(Last) i:/WORK/fft_top/mem_32x16_0/mem_array_reg[1][23]

  Ref  DFF        Name(Last) r:/WORK/fft_top/mem_32x16_0/mem_array_reg[1][24]
  Impl DFF        Name(Last) i:/WORK/fft_top/mem_32x16_0/mem_array_reg[1][24]

  Ref  DFF        Name(Last) r:/WORK/fft_top/mem_32x16_0/mem_array_reg[1][25]
  Impl DFF        Name(Last) i:/WORK/fft_top/mem_32x16_0/mem_array_reg[1][25]

  Ref  DFF        Name(Last) r:/WORK/fft_top/mem_32x16_0/mem_array_reg[1][26]
  Impl DFF        Name(Last) i:/WORK/fft_top/mem_32x16_0/mem_array_reg[1][26]

  Ref  DFF        Name(Last) r:/WORK/fft_top/mem_32x16_0/mem_array_reg[1][27]
  Impl DFF        Name(Last) i:/WORK/fft_top/mem_32x16_0/mem_array_reg[1][27]

  Ref  DFF        Name(Last) r:/WORK/fft_top/mem_32x16_0/mem_array_reg[1][28]
  Impl DFF        Name(Last) i:/WORK/fft_top/mem_32x16_0/mem_array_reg[1][28]

  Ref  DFF        Name(Last) r:/WORK/fft_top/mem_32x16_0/mem_array_reg[1][29]
  Impl DFF        Name(Last) i:/WORK/fft_top/mem_32x16_0/mem_array_reg[1][29]

  Ref  DFF        Name(Last) r:/WORK/fft_top/mem_32x16_0/mem_array_reg[1][2]
  Impl DFF        Name(Last) i:/WORK/fft_top/mem_32x16_0/mem_array_reg[1][2]

  Ref  DFF        Name(Last) r:/WORK/fft_top/mem_32x16_0/mem_array_reg[1][30]
  Impl DFF        Name(Last) i:/WORK/fft_top/mem_32x16_0/mem_array_reg[1][30]

  Ref  DFF        Name(Last) r:/WORK/fft_top/mem_32x16_0/mem_array_reg[1][31]
  Impl DFF        Name(Last) i:/WORK/fft_top/mem_32x16_0/mem_array_reg[1][31]

  Ref  DFF        Name(Last) r:/WORK/fft_top/mem_32x16_0/mem_array_reg[1][3]
  Impl DFF        Name(Last) i:/WORK/fft_top/mem_32x16_0/mem_array_reg[1][3]

  Ref  DFF        Name(Last) r:/WORK/fft_top/mem_32x16_0/mem_array_reg[1][4]
  Impl DFF        Name(Last) i:/WORK/fft_top/mem_32x16_0/mem_array_reg[1][4]

  Ref  DFF        Name(Last) r:/WORK/fft_top/mem_32x16_0/mem_array_reg[1][5]
  Impl DFF        Name(Last) i:/WORK/fft_top/mem_32x16_0/mem_array_reg[1][5]

  Ref  DFF        Name(Last) r:/WORK/fft_top/mem_32x16_0/mem_array_reg[1][6]
  Impl DFF        Name(Last) i:/WORK/fft_top/mem_32x16_0/mem_array_reg[1][6]

  Ref  DFF        Name(Last) r:/WORK/fft_top/mem_32x16_0/mem_array_reg[1][7]
  Impl DFF        Name(Last) i:/WORK/fft_top/mem_32x16_0/mem_array_reg[1][7]

  Ref  DFF        Name(Last) r:/WORK/fft_top/mem_32x16_0/mem_array_reg[1][8]
  Impl DFF        Name(Last) i:/WORK/fft_top/mem_32x16_0/mem_array_reg[1][8]

  Ref  DFF        Name(Last) r:/WORK/fft_top/mem_32x16_0/mem_array_reg[1][9]
  Impl DFF        Name(Last) i:/WORK/fft_top/mem_32x16_0/mem_array_reg[1][9]

  Ref  DFF        Name(Last) r:/WORK/fft_top/mem_32x16_0/mem_array_reg[2][0]
  Impl DFF        Name(Last) i:/WORK/fft_top/mem_32x16_0/mem_array_reg[2][0]

  Ref  DFF        Name(Last) r:/WORK/fft_top/mem_32x16_0/mem_array_reg[2][10]
  Impl DFF        Name(Last) i:/WORK/fft_top/mem_32x16_0/mem_array_reg[2][10]

  Ref  DFF        Name(Last) r:/WORK/fft_top/mem_32x16_0/mem_array_reg[2][11]
  Impl DFF        Name(Last) i:/WORK/fft_top/mem_32x16_0/mem_array_reg[2][11]

  Ref  DFF        Name(Last) r:/WORK/fft_top/mem_32x16_0/mem_array_reg[2][12]
  Impl DFF        Name(Last) i:/WORK/fft_top/mem_32x16_0/mem_array_reg[2][12]

  Ref  DFF        Name(Last) r:/WORK/fft_top/mem_32x16_0/mem_array_reg[2][13]
  Impl DFF        Name(Last) i:/WORK/fft_top/mem_32x16_0/mem_array_reg[2][13]

  Ref  DFF        Name(Last) r:/WORK/fft_top/mem_32x16_0/mem_array_reg[2][14]
  Impl DFF        Name(Last) i:/WORK/fft_top/mem_32x16_0/mem_array_reg[2][14]

  Ref  DFF        Name(Last) r:/WORK/fft_top/mem_32x16_0/mem_array_reg[2][15]
  Impl DFF        Name(Last) i:/WORK/fft_top/mem_32x16_0/mem_array_reg[2][15]

  Ref  DFF        Name(Last) r:/WORK/fft_top/mem_32x16_0/mem_array_reg[2][16]
  Impl DFF        Name(Last) i:/WORK/fft_top/mem_32x16_0/mem_array_reg[2][16]

  Ref  DFF        Name(Last) r:/WORK/fft_top/mem_32x16_0/mem_array_reg[2][17]
  Impl DFF        Name(Last) i:/WORK/fft_top/mem_32x16_0/mem_array_reg[2][17]

  Ref  DFF        Name(Last) r:/WORK/fft_top/mem_32x16_0/mem_array_reg[2][18]
  Impl DFF        Name(Last) i:/WORK/fft_top/mem_32x16_0/mem_array_reg[2][18]

  Ref  DFF        Name(Last) r:/WORK/fft_top/mem_32x16_0/mem_array_reg[2][19]
  Impl DFF        Name(Last) i:/WORK/fft_top/mem_32x16_0/mem_array_reg[2][19]

  Ref  DFF        Name(Last) r:/WORK/fft_top/mem_32x16_0/mem_array_reg[2][1]
  Impl DFF        Name(Last) i:/WORK/fft_top/mem_32x16_0/mem_array_reg[2][1]

  Ref  DFF        Name(Last) r:/WORK/fft_top/mem_32x16_0/mem_array_reg[2][20]
  Impl DFF        Name(Last) i:/WORK/fft_top/mem_32x16_0/mem_array_reg[2][20]

  Ref  DFF        Name(Last) r:/WORK/fft_top/mem_32x16_0/mem_array_reg[2][21]
  Impl DFF        Name(Last) i:/WORK/fft_top/mem_32x16_0/mem_array_reg[2][21]

  Ref  DFF        Name(Last) r:/WORK/fft_top/mem_32x16_0/mem_array_reg[2][22]
  Impl DFF        Name(Last) i:/WORK/fft_top/mem_32x16_0/mem_array_reg[2][22]

  Ref  DFF        Name(Last) r:/WORK/fft_top/mem_32x16_0/mem_array_reg[2][23]
  Impl DFF        Name(Last) i:/WORK/fft_top/mem_32x16_0/mem_array_reg[2][23]

  Ref  DFF        Name(Last) r:/WORK/fft_top/mem_32x16_0/mem_array_reg[2][24]
  Impl DFF        Name(Last) i:/WORK/fft_top/mem_32x16_0/mem_array_reg[2][24]

  Ref  DFF        Name(Last) r:/WORK/fft_top/mem_32x16_0/mem_array_reg[2][25]
  Impl DFF        Name(Last) i:/WORK/fft_top/mem_32x16_0/mem_array_reg[2][25]

  Ref  DFF        Name(Last) r:/WORK/fft_top/mem_32x16_0/mem_array_reg[2][26]
  Impl DFF        Name(Last) i:/WORK/fft_top/mem_32x16_0/mem_array_reg[2][26]

  Ref  DFF        Name(Last) r:/WORK/fft_top/mem_32x16_0/mem_array_reg[2][27]
  Impl DFF        Name(Last) i:/WORK/fft_top/mem_32x16_0/mem_array_reg[2][27]

  Ref  DFF        Name(Last) r:/WORK/fft_top/mem_32x16_0/mem_array_reg[2][28]
  Impl DFF        Name(Last) i:/WORK/fft_top/mem_32x16_0/mem_array_reg[2][28]

  Ref  DFF        Name(Last) r:/WORK/fft_top/mem_32x16_0/mem_array_reg[2][29]
  Impl DFF        Name(Last) i:/WORK/fft_top/mem_32x16_0/mem_array_reg[2][29]

  Ref  DFF        Name(Last) r:/WORK/fft_top/mem_32x16_0/mem_array_reg[2][2]
  Impl DFF        Name(Last) i:/WORK/fft_top/mem_32x16_0/mem_array_reg[2][2]

  Ref  DFF        Name(Last) r:/WORK/fft_top/mem_32x16_0/mem_array_reg[2][30]
  Impl DFF        Name(Last) i:/WORK/fft_top/mem_32x16_0/mem_array_reg[2][30]

  Ref  DFF        Name(Last) r:/WORK/fft_top/mem_32x16_0/mem_array_reg[2][31]
  Impl DFF        Name(Last) i:/WORK/fft_top/mem_32x16_0/mem_array_reg[2][31]

  Ref  DFF        Name(Last) r:/WORK/fft_top/mem_32x16_0/mem_array_reg[2][3]
  Impl DFF        Name(Last) i:/WORK/fft_top/mem_32x16_0/mem_array_reg[2][3]

  Ref  DFF        Name(Last) r:/WORK/fft_top/mem_32x16_0/mem_array_reg[2][4]
  Impl DFF        Name(Last) i:/WORK/fft_top/mem_32x16_0/mem_array_reg[2][4]

  Ref  DFF        Name(Last) r:/WORK/fft_top/mem_32x16_0/mem_array_reg[2][5]
  Impl DFF        Name(Last) i:/WORK/fft_top/mem_32x16_0/mem_array_reg[2][5]

  Ref  DFF        Name(Last) r:/WORK/fft_top/mem_32x16_0/mem_array_reg[2][6]
  Impl DFF        Name(Last) i:/WORK/fft_top/mem_32x16_0/mem_array_reg[2][6]

  Ref  DFF        Name(Last) r:/WORK/fft_top/mem_32x16_0/mem_array_reg[2][7]
  Impl DFF        Name(Last) i:/WORK/fft_top/mem_32x16_0/mem_array_reg[2][7]

  Ref  DFF        Name(Last) r:/WORK/fft_top/mem_32x16_0/mem_array_reg[2][8]
  Impl DFF        Name(Last) i:/WORK/fft_top/mem_32x16_0/mem_array_reg[2][8]

  Ref  DFF        Name(Last) r:/WORK/fft_top/mem_32x16_0/mem_array_reg[2][9]
  Impl DFF        Name(Last) i:/WORK/fft_top/mem_32x16_0/mem_array_reg[2][9]

  Ref  DFF        Name(Last) r:/WORK/fft_top/mem_32x16_0/mem_array_reg[3][0]
  Impl DFF        Name(Last) i:/WORK/fft_top/mem_32x16_0/mem_array_reg[3][0]

  Ref  DFF        Name(Last) r:/WORK/fft_top/mem_32x16_0/mem_array_reg[3][10]
  Impl DFF        Name(Last) i:/WORK/fft_top/mem_32x16_0/mem_array_reg[3][10]

  Ref  DFF        Name(Last) r:/WORK/fft_top/mem_32x16_0/mem_array_reg[3][11]
  Impl DFF        Name(Last) i:/WORK/fft_top/mem_32x16_0/mem_array_reg[3][11]

  Ref  DFF        Name(Last) r:/WORK/fft_top/mem_32x16_0/mem_array_reg[3][12]
  Impl DFF        Name(Last) i:/WORK/fft_top/mem_32x16_0/mem_array_reg[3][12]

  Ref  DFF        Name(Last) r:/WORK/fft_top/mem_32x16_0/mem_array_reg[3][13]
  Impl DFF        Name(Last) i:/WORK/fft_top/mem_32x16_0/mem_array_reg[3][13]

  Ref  DFF        Name(Last) r:/WORK/fft_top/mem_32x16_0/mem_array_reg[3][14]
  Impl DFF        Name(Last) i:/WORK/fft_top/mem_32x16_0/mem_array_reg[3][14]

  Ref  DFF        Name(Last) r:/WORK/fft_top/mem_32x16_0/mem_array_reg[3][15]
  Impl DFF        Name(Last) i:/WORK/fft_top/mem_32x16_0/mem_array_reg[3][15]

  Ref  DFF        Name(Last) r:/WORK/fft_top/mem_32x16_0/mem_array_reg[3][16]
  Impl DFF        Name(Last) i:/WORK/fft_top/mem_32x16_0/mem_array_reg[3][16]

  Ref  DFF        Name(Last) r:/WORK/fft_top/mem_32x16_0/mem_array_reg[3][17]
  Impl DFF        Name(Last) i:/WORK/fft_top/mem_32x16_0/mem_array_reg[3][17]

  Ref  DFF        Name(Last) r:/WORK/fft_top/mem_32x16_0/mem_array_reg[3][18]
  Impl DFF        Name(Last) i:/WORK/fft_top/mem_32x16_0/mem_array_reg[3][18]

  Ref  DFF        Name(Last) r:/WORK/fft_top/mem_32x16_0/mem_array_reg[3][19]
  Impl DFF        Name(Last) i:/WORK/fft_top/mem_32x16_0/mem_array_reg[3][19]

  Ref  DFF        Name(Last) r:/WORK/fft_top/mem_32x16_0/mem_array_reg[3][1]
  Impl DFF        Name(Last) i:/WORK/fft_top/mem_32x16_0/mem_array_reg[3][1]

  Ref  DFF        Name(Last) r:/WORK/fft_top/mem_32x16_0/mem_array_reg[3][20]
  Impl DFF        Name(Last) i:/WORK/fft_top/mem_32x16_0/mem_array_reg[3][20]

  Ref  DFF        Name(Last) r:/WORK/fft_top/mem_32x16_0/mem_array_reg[3][21]
  Impl DFF        Name(Last) i:/WORK/fft_top/mem_32x16_0/mem_array_reg[3][21]

  Ref  DFF        Name(Last) r:/WORK/fft_top/mem_32x16_0/mem_array_reg[3][22]
  Impl DFF        Name(Last) i:/WORK/fft_top/mem_32x16_0/mem_array_reg[3][22]

  Ref  DFF        Name(Last) r:/WORK/fft_top/mem_32x16_0/mem_array_reg[3][23]
  Impl DFF        Name(Last) i:/WORK/fft_top/mem_32x16_0/mem_array_reg[3][23]

  Ref  DFF        Name(Last) r:/WORK/fft_top/mem_32x16_0/mem_array_reg[3][24]
  Impl DFF        Name(Last) i:/WORK/fft_top/mem_32x16_0/mem_array_reg[3][24]

  Ref  DFF        Name(Last) r:/WORK/fft_top/mem_32x16_0/mem_array_reg[3][25]
  Impl DFF        Name(Last) i:/WORK/fft_top/mem_32x16_0/mem_array_reg[3][25]

  Ref  DFF        Name(Last) r:/WORK/fft_top/mem_32x16_0/mem_array_reg[3][26]
  Impl DFF        Name(Last) i:/WORK/fft_top/mem_32x16_0/mem_array_reg[3][26]

  Ref  DFF        Name(Last) r:/WORK/fft_top/mem_32x16_0/mem_array_reg[3][27]
  Impl DFF        Name(Last) i:/WORK/fft_top/mem_32x16_0/mem_array_reg[3][27]

  Ref  DFF        Name(Last) r:/WORK/fft_top/mem_32x16_0/mem_array_reg[3][28]
  Impl DFF        Name(Last) i:/WORK/fft_top/mem_32x16_0/mem_array_reg[3][28]

  Ref  DFF        Name(Last) r:/WORK/fft_top/mem_32x16_0/mem_array_reg[3][29]
  Impl DFF        Name(Last) i:/WORK/fft_top/mem_32x16_0/mem_array_reg[3][29]

  Ref  DFF        Name(Last) r:/WORK/fft_top/mem_32x16_0/mem_array_reg[3][2]
  Impl DFF        Name(Last) i:/WORK/fft_top/mem_32x16_0/mem_array_reg[3][2]

  Ref  DFF        Name(Last) r:/WORK/fft_top/mem_32x16_0/mem_array_reg[3][30]
  Impl DFF        Name(Last) i:/WORK/fft_top/mem_32x16_0/mem_array_reg[3][30]

  Ref  DFF        Name(Last) r:/WORK/fft_top/mem_32x16_0/mem_array_reg[3][31]
  Impl DFF        Name(Last) i:/WORK/fft_top/mem_32x16_0/mem_array_reg[3][31]

  Ref  DFF        Name(Last) r:/WORK/fft_top/mem_32x16_0/mem_array_reg[3][3]
  Impl DFF        Name(Last) i:/WORK/fft_top/mem_32x16_0/mem_array_reg[3][3]

  Ref  DFF        Name(Last) r:/WORK/fft_top/mem_32x16_0/mem_array_reg[3][4]
  Impl DFF        Name(Last) i:/WORK/fft_top/mem_32x16_0/mem_array_reg[3][4]

  Ref  DFF        Name(Last) r:/WORK/fft_top/mem_32x16_0/mem_array_reg[3][5]
  Impl DFF        Name(Last) i:/WORK/fft_top/mem_32x16_0/mem_array_reg[3][5]

  Ref  DFF        Name(Last) r:/WORK/fft_top/mem_32x16_0/mem_array_reg[3][6]
  Impl DFF        Name(Last) i:/WORK/fft_top/mem_32x16_0/mem_array_reg[3][6]

  Ref  DFF        Name(Last) r:/WORK/fft_top/mem_32x16_0/mem_array_reg[3][7]
  Impl DFF        Name(Last) i:/WORK/fft_top/mem_32x16_0/mem_array_reg[3][7]

  Ref  DFF        Name(Last) r:/WORK/fft_top/mem_32x16_0/mem_array_reg[3][8]
  Impl DFF        Name(Last) i:/WORK/fft_top/mem_32x16_0/mem_array_reg[3][8]

  Ref  DFF        Name(Last) r:/WORK/fft_top/mem_32x16_0/mem_array_reg[3][9]
  Impl DFF        Name(Last) i:/WORK/fft_top/mem_32x16_0/mem_array_reg[3][9]

  Ref  DFF        Name(Last) r:/WORK/fft_top/mem_32x16_0/mem_array_reg[4][0]
  Impl DFF        Name(Last) i:/WORK/fft_top/mem_32x16_0/mem_array_reg[4][0]

  Ref  DFF        Name(Last) r:/WORK/fft_top/mem_32x16_0/mem_array_reg[4][10]
  Impl DFF        Name(Last) i:/WORK/fft_top/mem_32x16_0/mem_array_reg[4][10]

  Ref  DFF        Name(Last) r:/WORK/fft_top/mem_32x16_0/mem_array_reg[4][11]
  Impl DFF        Name(Last) i:/WORK/fft_top/mem_32x16_0/mem_array_reg[4][11]

  Ref  DFF        Name(Last) r:/WORK/fft_top/mem_32x16_0/mem_array_reg[4][12]
  Impl DFF        Name(Last) i:/WORK/fft_top/mem_32x16_0/mem_array_reg[4][12]

  Ref  DFF        Name(Last) r:/WORK/fft_top/mem_32x16_0/mem_array_reg[4][13]
  Impl DFF        Name(Last) i:/WORK/fft_top/mem_32x16_0/mem_array_reg[4][13]

  Ref  DFF        Name(Last) r:/WORK/fft_top/mem_32x16_0/mem_array_reg[4][14]
  Impl DFF        Name(Last) i:/WORK/fft_top/mem_32x16_0/mem_array_reg[4][14]

  Ref  DFF        Name(Last) r:/WORK/fft_top/mem_32x16_0/mem_array_reg[4][15]
  Impl DFF        Name(Last) i:/WORK/fft_top/mem_32x16_0/mem_array_reg[4][15]

  Ref  DFF        Name(Last) r:/WORK/fft_top/mem_32x16_0/mem_array_reg[4][16]
  Impl DFF        Name(Last) i:/WORK/fft_top/mem_32x16_0/mem_array_reg[4][16]

  Ref  DFF        Name(Last) r:/WORK/fft_top/mem_32x16_0/mem_array_reg[4][17]
  Impl DFF        Name(Last) i:/WORK/fft_top/mem_32x16_0/mem_array_reg[4][17]

  Ref  DFF        Name(Last) r:/WORK/fft_top/mem_32x16_0/mem_array_reg[4][18]
  Impl DFF        Name(Last) i:/WORK/fft_top/mem_32x16_0/mem_array_reg[4][18]

  Ref  DFF        Name(Last) r:/WORK/fft_top/mem_32x16_0/mem_array_reg[4][19]
  Impl DFF        Name(Last) i:/WORK/fft_top/mem_32x16_0/mem_array_reg[4][19]

  Ref  DFF        Name(Last) r:/WORK/fft_top/mem_32x16_0/mem_array_reg[4][1]
  Impl DFF        Name(Last) i:/WORK/fft_top/mem_32x16_0/mem_array_reg[4][1]

  Ref  DFF        Name(Last) r:/WORK/fft_top/mem_32x16_0/mem_array_reg[4][20]
  Impl DFF        Name(Last) i:/WORK/fft_top/mem_32x16_0/mem_array_reg[4][20]

  Ref  DFF        Name(Last) r:/WORK/fft_top/mem_32x16_0/mem_array_reg[4][21]
  Impl DFF        Name(Last) i:/WORK/fft_top/mem_32x16_0/mem_array_reg[4][21]

  Ref  DFF        Name(Last) r:/WORK/fft_top/mem_32x16_0/mem_array_reg[4][22]
  Impl DFF        Name(Last) i:/WORK/fft_top/mem_32x16_0/mem_array_reg[4][22]

  Ref  DFF        Name(Last) r:/WORK/fft_top/mem_32x16_0/mem_array_reg[4][23]
  Impl DFF        Name(Last) i:/WORK/fft_top/mem_32x16_0/mem_array_reg[4][23]

  Ref  DFF        Name(Last) r:/WORK/fft_top/mem_32x16_0/mem_array_reg[4][24]
  Impl DFF        Name(Last) i:/WORK/fft_top/mem_32x16_0/mem_array_reg[4][24]

  Ref  DFF        Name(Last) r:/WORK/fft_top/mem_32x16_0/mem_array_reg[4][25]
  Impl DFF        Name(Last) i:/WORK/fft_top/mem_32x16_0/mem_array_reg[4][25]

  Ref  DFF        Name(Last) r:/WORK/fft_top/mem_32x16_0/mem_array_reg[4][26]
  Impl DFF        Name(Last) i:/WORK/fft_top/mem_32x16_0/mem_array_reg[4][26]

  Ref  DFF        Name(Last) r:/WORK/fft_top/mem_32x16_0/mem_array_reg[4][27]
  Impl DFF        Name(Last) i:/WORK/fft_top/mem_32x16_0/mem_array_reg[4][27]

  Ref  DFF        Name(Last) r:/WORK/fft_top/mem_32x16_0/mem_array_reg[4][28]
  Impl DFF        Name(Last) i:/WORK/fft_top/mem_32x16_0/mem_array_reg[4][28]

  Ref  DFF        Name(Last) r:/WORK/fft_top/mem_32x16_0/mem_array_reg[4][29]
  Impl DFF        Name(Last) i:/WORK/fft_top/mem_32x16_0/mem_array_reg[4][29]

  Ref  DFF        Name(Last) r:/WORK/fft_top/mem_32x16_0/mem_array_reg[4][2]
  Impl DFF        Name(Last) i:/WORK/fft_top/mem_32x16_0/mem_array_reg[4][2]

  Ref  DFF        Name(Last) r:/WORK/fft_top/mem_32x16_0/mem_array_reg[4][30]
  Impl DFF        Name(Last) i:/WORK/fft_top/mem_32x16_0/mem_array_reg[4][30]

  Ref  DFF        Name(Last) r:/WORK/fft_top/mem_32x16_0/mem_array_reg[4][31]
  Impl DFF        Name(Last) i:/WORK/fft_top/mem_32x16_0/mem_array_reg[4][31]

  Ref  DFF        Name(Last) r:/WORK/fft_top/mem_32x16_0/mem_array_reg[4][3]
  Impl DFF        Name(Last) i:/WORK/fft_top/mem_32x16_0/mem_array_reg[4][3]

  Ref  DFF        Name(Last) r:/WORK/fft_top/mem_32x16_0/mem_array_reg[4][4]
  Impl DFF        Name(Last) i:/WORK/fft_top/mem_32x16_0/mem_array_reg[4][4]

  Ref  DFF        Name(Last) r:/WORK/fft_top/mem_32x16_0/mem_array_reg[4][5]
  Impl DFF        Name(Last) i:/WORK/fft_top/mem_32x16_0/mem_array_reg[4][5]

  Ref  DFF        Name(Last) r:/WORK/fft_top/mem_32x16_0/mem_array_reg[4][6]
  Impl DFF        Name(Last) i:/WORK/fft_top/mem_32x16_0/mem_array_reg[4][6]

  Ref  DFF        Name(Last) r:/WORK/fft_top/mem_32x16_0/mem_array_reg[4][7]
  Impl DFF        Name(Last) i:/WORK/fft_top/mem_32x16_0/mem_array_reg[4][7]

  Ref  DFF        Name(Last) r:/WORK/fft_top/mem_32x16_0/mem_array_reg[4][8]
  Impl DFF        Name(Last) i:/WORK/fft_top/mem_32x16_0/mem_array_reg[4][8]

  Ref  DFF        Name(Last) r:/WORK/fft_top/mem_32x16_0/mem_array_reg[4][9]
  Impl DFF        Name(Last) i:/WORK/fft_top/mem_32x16_0/mem_array_reg[4][9]

  Ref  DFF        Name(Last) r:/WORK/fft_top/mem_32x16_0/mem_array_reg[5][0]
  Impl DFF        Name(Last) i:/WORK/fft_top/mem_32x16_0/mem_array_reg[5][0]

  Ref  DFF        Name(Last) r:/WORK/fft_top/mem_32x16_0/mem_array_reg[5][10]
  Impl DFF        Name(Last) i:/WORK/fft_top/mem_32x16_0/mem_array_reg[5][10]

  Ref  DFF        Name(Last) r:/WORK/fft_top/mem_32x16_0/mem_array_reg[5][11]
  Impl DFF        Name(Last) i:/WORK/fft_top/mem_32x16_0/mem_array_reg[5][11]

  Ref  DFF        Name(Last) r:/WORK/fft_top/mem_32x16_0/mem_array_reg[5][12]
  Impl DFF        Name(Last) i:/WORK/fft_top/mem_32x16_0/mem_array_reg[5][12]

  Ref  DFF        Name(Last) r:/WORK/fft_top/mem_32x16_0/mem_array_reg[5][13]
  Impl DFF        Name(Last) i:/WORK/fft_top/mem_32x16_0/mem_array_reg[5][13]

  Ref  DFF        Name(Last) r:/WORK/fft_top/mem_32x16_0/mem_array_reg[5][14]
  Impl DFF        Name(Last) i:/WORK/fft_top/mem_32x16_0/mem_array_reg[5][14]

  Ref  DFF        Name(Last) r:/WORK/fft_top/mem_32x16_0/mem_array_reg[5][15]
  Impl DFF        Name(Last) i:/WORK/fft_top/mem_32x16_0/mem_array_reg[5][15]

  Ref  DFF        Name(Last) r:/WORK/fft_top/mem_32x16_0/mem_array_reg[5][16]
  Impl DFF        Name(Last) i:/WORK/fft_top/mem_32x16_0/mem_array_reg[5][16]

  Ref  DFF        Name(Last) r:/WORK/fft_top/mem_32x16_0/mem_array_reg[5][17]
  Impl DFF        Name(Last) i:/WORK/fft_top/mem_32x16_0/mem_array_reg[5][17]

  Ref  DFF        Name(Last) r:/WORK/fft_top/mem_32x16_0/mem_array_reg[5][18]
  Impl DFF        Name(Last) i:/WORK/fft_top/mem_32x16_0/mem_array_reg[5][18]

  Ref  DFF        Name(Last) r:/WORK/fft_top/mem_32x16_0/mem_array_reg[5][19]
  Impl DFF        Name(Last) i:/WORK/fft_top/mem_32x16_0/mem_array_reg[5][19]

  Ref  DFF        Name(Last) r:/WORK/fft_top/mem_32x16_0/mem_array_reg[5][1]
  Impl DFF        Name(Last) i:/WORK/fft_top/mem_32x16_0/mem_array_reg[5][1]

  Ref  DFF        Name(Last) r:/WORK/fft_top/mem_32x16_0/mem_array_reg[5][20]
  Impl DFF        Name(Last) i:/WORK/fft_top/mem_32x16_0/mem_array_reg[5][20]

  Ref  DFF        Name(Last) r:/WORK/fft_top/mem_32x16_0/mem_array_reg[5][21]
  Impl DFF        Name(Last) i:/WORK/fft_top/mem_32x16_0/mem_array_reg[5][21]

  Ref  DFF        Name(Last) r:/WORK/fft_top/mem_32x16_0/mem_array_reg[5][22]
  Impl DFF        Name(Last) i:/WORK/fft_top/mem_32x16_0/mem_array_reg[5][22]

  Ref  DFF        Name(Last) r:/WORK/fft_top/mem_32x16_0/mem_array_reg[5][23]
  Impl DFF        Name(Last) i:/WORK/fft_top/mem_32x16_0/mem_array_reg[5][23]

  Ref  DFF        Name(Last) r:/WORK/fft_top/mem_32x16_0/mem_array_reg[5][24]
  Impl DFF        Name(Last) i:/WORK/fft_top/mem_32x16_0/mem_array_reg[5][24]

  Ref  DFF        Name(Last) r:/WORK/fft_top/mem_32x16_0/mem_array_reg[5][25]
  Impl DFF        Name(Last) i:/WORK/fft_top/mem_32x16_0/mem_array_reg[5][25]

  Ref  DFF        Name(Last) r:/WORK/fft_top/mem_32x16_0/mem_array_reg[5][26]
  Impl DFF        Name(Last) i:/WORK/fft_top/mem_32x16_0/mem_array_reg[5][26]

  Ref  DFF        Name(Last) r:/WORK/fft_top/mem_32x16_0/mem_array_reg[5][27]
  Impl DFF        Name(Last) i:/WORK/fft_top/mem_32x16_0/mem_array_reg[5][27]

  Ref  DFF        Name(Last) r:/WORK/fft_top/mem_32x16_0/mem_array_reg[5][28]
  Impl DFF        Name(Last) i:/WORK/fft_top/mem_32x16_0/mem_array_reg[5][28]

  Ref  DFF        Name(Last) r:/WORK/fft_top/mem_32x16_0/mem_array_reg[5][29]
  Impl DFF        Name(Last) i:/WORK/fft_top/mem_32x16_0/mem_array_reg[5][29]

  Ref  DFF        Name(Last) r:/WORK/fft_top/mem_32x16_0/mem_array_reg[5][2]
  Impl DFF        Name(Last) i:/WORK/fft_top/mem_32x16_0/mem_array_reg[5][2]

  Ref  DFF        Name(Last) r:/WORK/fft_top/mem_32x16_0/mem_array_reg[5][30]
  Impl DFF        Name(Last) i:/WORK/fft_top/mem_32x16_0/mem_array_reg[5][30]

  Ref  DFF        Name(Last) r:/WORK/fft_top/mem_32x16_0/mem_array_reg[5][31]
  Impl DFF        Name(Last) i:/WORK/fft_top/mem_32x16_0/mem_array_reg[5][31]

  Ref  DFF        Name(Last) r:/WORK/fft_top/mem_32x16_0/mem_array_reg[5][3]
  Impl DFF        Name(Last) i:/WORK/fft_top/mem_32x16_0/mem_array_reg[5][3]

  Ref  DFF        Name(Last) r:/WORK/fft_top/mem_32x16_0/mem_array_reg[5][4]
  Impl DFF        Name(Last) i:/WORK/fft_top/mem_32x16_0/mem_array_reg[5][4]

  Ref  DFF        Name(Last) r:/WORK/fft_top/mem_32x16_0/mem_array_reg[5][5]
  Impl DFF        Name(Last) i:/WORK/fft_top/mem_32x16_0/mem_array_reg[5][5]

  Ref  DFF        Name(Last) r:/WORK/fft_top/mem_32x16_0/mem_array_reg[5][6]
  Impl DFF        Name(Last) i:/WORK/fft_top/mem_32x16_0/mem_array_reg[5][6]

  Ref  DFF        Name(Last) r:/WORK/fft_top/mem_32x16_0/mem_array_reg[5][7]
  Impl DFF        Name(Last) i:/WORK/fft_top/mem_32x16_0/mem_array_reg[5][7]

  Ref  DFF        Name(Last) r:/WORK/fft_top/mem_32x16_0/mem_array_reg[5][8]
  Impl DFF        Name(Last) i:/WORK/fft_top/mem_32x16_0/mem_array_reg[5][8]

  Ref  DFF        Name(Last) r:/WORK/fft_top/mem_32x16_0/mem_array_reg[5][9]
  Impl DFF        Name(Last) i:/WORK/fft_top/mem_32x16_0/mem_array_reg[5][9]

  Ref  DFF        Name(Last) r:/WORK/fft_top/mem_32x16_0/mem_array_reg[6][0]
  Impl DFF        Name(Last) i:/WORK/fft_top/mem_32x16_0/mem_array_reg[6][0]

  Ref  DFF        Name(Last) r:/WORK/fft_top/mem_32x16_0/mem_array_reg[6][10]
  Impl DFF        Name(Last) i:/WORK/fft_top/mem_32x16_0/mem_array_reg[6][10]

  Ref  DFF        Name(Last) r:/WORK/fft_top/mem_32x16_0/mem_array_reg[6][11]
  Impl DFF        Name(Last) i:/WORK/fft_top/mem_32x16_0/mem_array_reg[6][11]

  Ref  DFF        Name(Last) r:/WORK/fft_top/mem_32x16_0/mem_array_reg[6][12]
  Impl DFF        Name(Last) i:/WORK/fft_top/mem_32x16_0/mem_array_reg[6][12]

  Ref  DFF        Name(Last) r:/WORK/fft_top/mem_32x16_0/mem_array_reg[6][13]
  Impl DFF        Name(Last) i:/WORK/fft_top/mem_32x16_0/mem_array_reg[6][13]

  Ref  DFF        Name(Last) r:/WORK/fft_top/mem_32x16_0/mem_array_reg[6][14]
  Impl DFF        Name(Last) i:/WORK/fft_top/mem_32x16_0/mem_array_reg[6][14]

  Ref  DFF        Name(Last) r:/WORK/fft_top/mem_32x16_0/mem_array_reg[6][15]
  Impl DFF        Name(Last) i:/WORK/fft_top/mem_32x16_0/mem_array_reg[6][15]

  Ref  DFF        Name(Last) r:/WORK/fft_top/mem_32x16_0/mem_array_reg[6][16]
  Impl DFF        Name(Last) i:/WORK/fft_top/mem_32x16_0/mem_array_reg[6][16]

  Ref  DFF        Name(Last) r:/WORK/fft_top/mem_32x16_0/mem_array_reg[6][17]
  Impl DFF        Name(Last) i:/WORK/fft_top/mem_32x16_0/mem_array_reg[6][17]

  Ref  DFF        Name(Last) r:/WORK/fft_top/mem_32x16_0/mem_array_reg[6][18]
  Impl DFF        Name(Last) i:/WORK/fft_top/mem_32x16_0/mem_array_reg[6][18]

  Ref  DFF        Name(Last) r:/WORK/fft_top/mem_32x16_0/mem_array_reg[6][19]
  Impl DFF        Name(Last) i:/WORK/fft_top/mem_32x16_0/mem_array_reg[6][19]

  Ref  DFF        Name(Last) r:/WORK/fft_top/mem_32x16_0/mem_array_reg[6][1]
  Impl DFF        Name(Last) i:/WORK/fft_top/mem_32x16_0/mem_array_reg[6][1]

  Ref  DFF        Name(Last) r:/WORK/fft_top/mem_32x16_0/mem_array_reg[6][20]
  Impl DFF        Name(Last) i:/WORK/fft_top/mem_32x16_0/mem_array_reg[6][20]

  Ref  DFF        Name(Last) r:/WORK/fft_top/mem_32x16_0/mem_array_reg[6][21]
  Impl DFF        Name(Last) i:/WORK/fft_top/mem_32x16_0/mem_array_reg[6][21]

  Ref  DFF        Name(Last) r:/WORK/fft_top/mem_32x16_0/mem_array_reg[6][22]
  Impl DFF        Name(Last) i:/WORK/fft_top/mem_32x16_0/mem_array_reg[6][22]

  Ref  DFF        Name(Last) r:/WORK/fft_top/mem_32x16_0/mem_array_reg[6][23]
  Impl DFF        Name(Last) i:/WORK/fft_top/mem_32x16_0/mem_array_reg[6][23]

  Ref  DFF        Name(Last) r:/WORK/fft_top/mem_32x16_0/mem_array_reg[6][24]
  Impl DFF        Name(Last) i:/WORK/fft_top/mem_32x16_0/mem_array_reg[6][24]

  Ref  DFF        Name(Last) r:/WORK/fft_top/mem_32x16_0/mem_array_reg[6][25]
  Impl DFF        Name(Last) i:/WORK/fft_top/mem_32x16_0/mem_array_reg[6][25]

  Ref  DFF        Name(Last) r:/WORK/fft_top/mem_32x16_0/mem_array_reg[6][26]
  Impl DFF        Name(Last) i:/WORK/fft_top/mem_32x16_0/mem_array_reg[6][26]

  Ref  DFF        Name(Last) r:/WORK/fft_top/mem_32x16_0/mem_array_reg[6][27]
  Impl DFF        Name(Last) i:/WORK/fft_top/mem_32x16_0/mem_array_reg[6][27]

  Ref  DFF        Name(Last) r:/WORK/fft_top/mem_32x16_0/mem_array_reg[6][28]
  Impl DFF        Name(Last) i:/WORK/fft_top/mem_32x16_0/mem_array_reg[6][28]

  Ref  DFF        Name(Last) r:/WORK/fft_top/mem_32x16_0/mem_array_reg[6][29]
  Impl DFF        Name(Last) i:/WORK/fft_top/mem_32x16_0/mem_array_reg[6][29]

  Ref  DFF        Name(Last) r:/WORK/fft_top/mem_32x16_0/mem_array_reg[6][2]
  Impl DFF        Name(Last) i:/WORK/fft_top/mem_32x16_0/mem_array_reg[6][2]

  Ref  DFF        Name(Last) r:/WORK/fft_top/mem_32x16_0/mem_array_reg[6][30]
  Impl DFF        Name(Last) i:/WORK/fft_top/mem_32x16_0/mem_array_reg[6][30]

  Ref  DFF        Name(Last) r:/WORK/fft_top/mem_32x16_0/mem_array_reg[6][31]
  Impl DFF        Name(Last) i:/WORK/fft_top/mem_32x16_0/mem_array_reg[6][31]

  Ref  DFF        Name(Last) r:/WORK/fft_top/mem_32x16_0/mem_array_reg[6][3]
  Impl DFF        Name(Last) i:/WORK/fft_top/mem_32x16_0/mem_array_reg[6][3]

  Ref  DFF        Name(Last) r:/WORK/fft_top/mem_32x16_0/mem_array_reg[6][4]
  Impl DFF        Name(Last) i:/WORK/fft_top/mem_32x16_0/mem_array_reg[6][4]

  Ref  DFF        Name(Last) r:/WORK/fft_top/mem_32x16_0/mem_array_reg[6][5]
  Impl DFF        Name(Last) i:/WORK/fft_top/mem_32x16_0/mem_array_reg[6][5]

  Ref  DFF        Name(Last) r:/WORK/fft_top/mem_32x16_0/mem_array_reg[6][6]
  Impl DFF        Name(Last) i:/WORK/fft_top/mem_32x16_0/mem_array_reg[6][6]

  Ref  DFF        Name(Last) r:/WORK/fft_top/mem_32x16_0/mem_array_reg[6][7]
  Impl DFF        Name(Last) i:/WORK/fft_top/mem_32x16_0/mem_array_reg[6][7]

  Ref  DFF        Name(Last) r:/WORK/fft_top/mem_32x16_0/mem_array_reg[6][8]
  Impl DFF        Name(Last) i:/WORK/fft_top/mem_32x16_0/mem_array_reg[6][8]

  Ref  DFF        Name(Last) r:/WORK/fft_top/mem_32x16_0/mem_array_reg[6][9]
  Impl DFF        Name(Last) i:/WORK/fft_top/mem_32x16_0/mem_array_reg[6][9]

  Ref  DFF        Name(Last) r:/WORK/fft_top/mem_32x16_0/mem_array_reg[7][0]
  Impl DFF        Name(Last) i:/WORK/fft_top/mem_32x16_0/mem_array_reg[7][0]

  Ref  DFF        Name(Last) r:/WORK/fft_top/mem_32x16_0/mem_array_reg[7][10]
  Impl DFF        Name(Last) i:/WORK/fft_top/mem_32x16_0/mem_array_reg[7][10]

  Ref  DFF        Name(Last) r:/WORK/fft_top/mem_32x16_0/mem_array_reg[7][11]
  Impl DFF        Name(Last) i:/WORK/fft_top/mem_32x16_0/mem_array_reg[7][11]

  Ref  DFF        Name(Last) r:/WORK/fft_top/mem_32x16_0/mem_array_reg[7][12]
  Impl DFF        Name(Last) i:/WORK/fft_top/mem_32x16_0/mem_array_reg[7][12]

  Ref  DFF        Name(Last) r:/WORK/fft_top/mem_32x16_0/mem_array_reg[7][13]
  Impl DFF        Name(Last) i:/WORK/fft_top/mem_32x16_0/mem_array_reg[7][13]

  Ref  DFF        Name(Last) r:/WORK/fft_top/mem_32x16_0/mem_array_reg[7][14]
  Impl DFF        Name(Last) i:/WORK/fft_top/mem_32x16_0/mem_array_reg[7][14]

  Ref  DFF        Name(Last) r:/WORK/fft_top/mem_32x16_0/mem_array_reg[7][15]
  Impl DFF        Name(Last) i:/WORK/fft_top/mem_32x16_0/mem_array_reg[7][15]

  Ref  DFF        Name(Last) r:/WORK/fft_top/mem_32x16_0/mem_array_reg[7][16]
  Impl DFF        Name(Last) i:/WORK/fft_top/mem_32x16_0/mem_array_reg[7][16]

  Ref  DFF        Name(Last) r:/WORK/fft_top/mem_32x16_0/mem_array_reg[7][17]
  Impl DFF        Name(Last) i:/WORK/fft_top/mem_32x16_0/mem_array_reg[7][17]

  Ref  DFF        Name(Last) r:/WORK/fft_top/mem_32x16_0/mem_array_reg[7][18]
  Impl DFF        Name(Last) i:/WORK/fft_top/mem_32x16_0/mem_array_reg[7][18]

  Ref  DFF        Name(Last) r:/WORK/fft_top/mem_32x16_0/mem_array_reg[7][19]
  Impl DFF        Name(Last) i:/WORK/fft_top/mem_32x16_0/mem_array_reg[7][19]

  Ref  DFF        Name(Last) r:/WORK/fft_top/mem_32x16_0/mem_array_reg[7][1]
  Impl DFF        Name(Last) i:/WORK/fft_top/mem_32x16_0/mem_array_reg[7][1]

  Ref  DFF        Name(Last) r:/WORK/fft_top/mem_32x16_0/mem_array_reg[7][20]
  Impl DFF        Name(Last) i:/WORK/fft_top/mem_32x16_0/mem_array_reg[7][20]

  Ref  DFF        Name(Last) r:/WORK/fft_top/mem_32x16_0/mem_array_reg[7][21]
  Impl DFF        Name(Last) i:/WORK/fft_top/mem_32x16_0/mem_array_reg[7][21]

  Ref  DFF        Name(Last) r:/WORK/fft_top/mem_32x16_0/mem_array_reg[7][22]
  Impl DFF        Name(Last) i:/WORK/fft_top/mem_32x16_0/mem_array_reg[7][22]

  Ref  DFF        Name(Last) r:/WORK/fft_top/mem_32x16_0/mem_array_reg[7][23]
  Impl DFF        Name(Last) i:/WORK/fft_top/mem_32x16_0/mem_array_reg[7][23]

  Ref  DFF        Name(Last) r:/WORK/fft_top/mem_32x16_0/mem_array_reg[7][24]
  Impl DFF        Name(Last) i:/WORK/fft_top/mem_32x16_0/mem_array_reg[7][24]

  Ref  DFF        Name(Last) r:/WORK/fft_top/mem_32x16_0/mem_array_reg[7][25]
  Impl DFF        Name(Last) i:/WORK/fft_top/mem_32x16_0/mem_array_reg[7][25]

  Ref  DFF        Name(Last) r:/WORK/fft_top/mem_32x16_0/mem_array_reg[7][26]
  Impl DFF        Name(Last) i:/WORK/fft_top/mem_32x16_0/mem_array_reg[7][26]

  Ref  DFF        Name(Last) r:/WORK/fft_top/mem_32x16_0/mem_array_reg[7][27]
  Impl DFF        Name(Last) i:/WORK/fft_top/mem_32x16_0/mem_array_reg[7][27]

  Ref  DFF        Name(Last) r:/WORK/fft_top/mem_32x16_0/mem_array_reg[7][28]
  Impl DFF        Name(Last) i:/WORK/fft_top/mem_32x16_0/mem_array_reg[7][28]

  Ref  DFF        Name(Last) r:/WORK/fft_top/mem_32x16_0/mem_array_reg[7][29]
  Impl DFF        Name(Last) i:/WORK/fft_top/mem_32x16_0/mem_array_reg[7][29]

  Ref  DFF        Name(Last) r:/WORK/fft_top/mem_32x16_0/mem_array_reg[7][2]
  Impl DFF        Name(Last) i:/WORK/fft_top/mem_32x16_0/mem_array_reg[7][2]

  Ref  DFF        Name(Last) r:/WORK/fft_top/mem_32x16_0/mem_array_reg[7][30]
  Impl DFF        Name(Last) i:/WORK/fft_top/mem_32x16_0/mem_array_reg[7][30]

  Ref  DFF        Name(Last) r:/WORK/fft_top/mem_32x16_0/mem_array_reg[7][31]
  Impl DFF        Name(Last) i:/WORK/fft_top/mem_32x16_0/mem_array_reg[7][31]

  Ref  DFF        Name(Last) r:/WORK/fft_top/mem_32x16_0/mem_array_reg[7][3]
  Impl DFF        Name(Last) i:/WORK/fft_top/mem_32x16_0/mem_array_reg[7][3]

  Ref  DFF        Name(Last) r:/WORK/fft_top/mem_32x16_0/mem_array_reg[7][4]
  Impl DFF        Name(Last) i:/WORK/fft_top/mem_32x16_0/mem_array_reg[7][4]

  Ref  DFF        Name(Last) r:/WORK/fft_top/mem_32x16_0/mem_array_reg[7][5]
  Impl DFF        Name(Last) i:/WORK/fft_top/mem_32x16_0/mem_array_reg[7][5]

  Ref  DFF        Name(Last) r:/WORK/fft_top/mem_32x16_0/mem_array_reg[7][6]
  Impl DFF        Name(Last) i:/WORK/fft_top/mem_32x16_0/mem_array_reg[7][6]

  Ref  DFF        Name(Last) r:/WORK/fft_top/mem_32x16_0/mem_array_reg[7][7]
  Impl DFF        Name(Last) i:/WORK/fft_top/mem_32x16_0/mem_array_reg[7][7]

  Ref  DFF        Name(Last) r:/WORK/fft_top/mem_32x16_0/mem_array_reg[7][8]
  Impl DFF        Name(Last) i:/WORK/fft_top/mem_32x16_0/mem_array_reg[7][8]

  Ref  DFF        Name(Last) r:/WORK/fft_top/mem_32x16_0/mem_array_reg[7][9]
  Impl DFF        Name(Last) i:/WORK/fft_top/mem_32x16_0/mem_array_reg[7][9]

  Ref  DFF        Name(Last) r:/WORK/fft_top/mem_32x16_0/mem_array_reg[8][0]
  Impl DFF        Name(Last) i:/WORK/fft_top/mem_32x16_0/mem_array_reg[8][0]

  Ref  DFF        Name(Last) r:/WORK/fft_top/mem_32x16_0/mem_array_reg[8][10]
  Impl DFF        Name(Last) i:/WORK/fft_top/mem_32x16_0/mem_array_reg[8][10]

  Ref  DFF        Name(Last) r:/WORK/fft_top/mem_32x16_0/mem_array_reg[8][11]
  Impl DFF        Name(Last) i:/WORK/fft_top/mem_32x16_0/mem_array_reg[8][11]

  Ref  DFF        Name(Last) r:/WORK/fft_top/mem_32x16_0/mem_array_reg[8][12]
  Impl DFF        Name(Last) i:/WORK/fft_top/mem_32x16_0/mem_array_reg[8][12]

  Ref  DFF        Name(Last) r:/WORK/fft_top/mem_32x16_0/mem_array_reg[8][13]
  Impl DFF        Name(Last) i:/WORK/fft_top/mem_32x16_0/mem_array_reg[8][13]

  Ref  DFF        Name(Last) r:/WORK/fft_top/mem_32x16_0/mem_array_reg[8][14]
  Impl DFF        Name(Last) i:/WORK/fft_top/mem_32x16_0/mem_array_reg[8][14]

  Ref  DFF        Name(Last) r:/WORK/fft_top/mem_32x16_0/mem_array_reg[8][15]
  Impl DFF        Name(Last) i:/WORK/fft_top/mem_32x16_0/mem_array_reg[8][15]

  Ref  DFF        Name(Last) r:/WORK/fft_top/mem_32x16_0/mem_array_reg[8][16]
  Impl DFF        Name(Last) i:/WORK/fft_top/mem_32x16_0/mem_array_reg[8][16]

  Ref  DFF        Name(Last) r:/WORK/fft_top/mem_32x16_0/mem_array_reg[8][17]
  Impl DFF        Name(Last) i:/WORK/fft_top/mem_32x16_0/mem_array_reg[8][17]

  Ref  DFF        Name(Last) r:/WORK/fft_top/mem_32x16_0/mem_array_reg[8][18]
  Impl DFF        Name(Last) i:/WORK/fft_top/mem_32x16_0/mem_array_reg[8][18]

  Ref  DFF        Name(Last) r:/WORK/fft_top/mem_32x16_0/mem_array_reg[8][19]
  Impl DFF        Name(Last) i:/WORK/fft_top/mem_32x16_0/mem_array_reg[8][19]

  Ref  DFF        Name(Last) r:/WORK/fft_top/mem_32x16_0/mem_array_reg[8][1]
  Impl DFF        Name(Last) i:/WORK/fft_top/mem_32x16_0/mem_array_reg[8][1]

  Ref  DFF        Name(Last) r:/WORK/fft_top/mem_32x16_0/mem_array_reg[8][20]
  Impl DFF        Name(Last) i:/WORK/fft_top/mem_32x16_0/mem_array_reg[8][20]

  Ref  DFF        Name(Last) r:/WORK/fft_top/mem_32x16_0/mem_array_reg[8][21]
  Impl DFF        Name(Last) i:/WORK/fft_top/mem_32x16_0/mem_array_reg[8][21]

  Ref  DFF        Name(Last) r:/WORK/fft_top/mem_32x16_0/mem_array_reg[8][22]
  Impl DFF        Name(Last) i:/WORK/fft_top/mem_32x16_0/mem_array_reg[8][22]

  Ref  DFF        Name(Last) r:/WORK/fft_top/mem_32x16_0/mem_array_reg[8][23]
  Impl DFF        Name(Last) i:/WORK/fft_top/mem_32x16_0/mem_array_reg[8][23]

  Ref  DFF        Name(Last) r:/WORK/fft_top/mem_32x16_0/mem_array_reg[8][24]
  Impl DFF        Name(Last) i:/WORK/fft_top/mem_32x16_0/mem_array_reg[8][24]

  Ref  DFF        Name(Last) r:/WORK/fft_top/mem_32x16_0/mem_array_reg[8][25]
  Impl DFF        Name(Last) i:/WORK/fft_top/mem_32x16_0/mem_array_reg[8][25]

  Ref  DFF        Name(Last) r:/WORK/fft_top/mem_32x16_0/mem_array_reg[8][26]
  Impl DFF        Name(Last) i:/WORK/fft_top/mem_32x16_0/mem_array_reg[8][26]

  Ref  DFF        Name(Last) r:/WORK/fft_top/mem_32x16_0/mem_array_reg[8][27]
  Impl DFF        Name(Last) i:/WORK/fft_top/mem_32x16_0/mem_array_reg[8][27]

  Ref  DFF        Name(Last) r:/WORK/fft_top/mem_32x16_0/mem_array_reg[8][28]
  Impl DFF        Name(Last) i:/WORK/fft_top/mem_32x16_0/mem_array_reg[8][28]

  Ref  DFF        Name(Last) r:/WORK/fft_top/mem_32x16_0/mem_array_reg[8][29]
  Impl DFF        Name(Last) i:/WORK/fft_top/mem_32x16_0/mem_array_reg[8][29]

  Ref  DFF        Name(Last) r:/WORK/fft_top/mem_32x16_0/mem_array_reg[8][2]
  Impl DFF        Name(Last) i:/WORK/fft_top/mem_32x16_0/mem_array_reg[8][2]

  Ref  DFF        Name(Last) r:/WORK/fft_top/mem_32x16_0/mem_array_reg[8][30]
  Impl DFF        Name(Last) i:/WORK/fft_top/mem_32x16_0/mem_array_reg[8][30]

  Ref  DFF        Name(Last) r:/WORK/fft_top/mem_32x16_0/mem_array_reg[8][31]
  Impl DFF        Name(Last) i:/WORK/fft_top/mem_32x16_0/mem_array_reg[8][31]

  Ref  DFF        Name(Last) r:/WORK/fft_top/mem_32x16_0/mem_array_reg[8][3]
  Impl DFF        Name(Last) i:/WORK/fft_top/mem_32x16_0/mem_array_reg[8][3]

  Ref  DFF        Name(Last) r:/WORK/fft_top/mem_32x16_0/mem_array_reg[8][4]
  Impl DFF        Name(Last) i:/WORK/fft_top/mem_32x16_0/mem_array_reg[8][4]

  Ref  DFF        Name(Last) r:/WORK/fft_top/mem_32x16_0/mem_array_reg[8][5]
  Impl DFF        Name(Last) i:/WORK/fft_top/mem_32x16_0/mem_array_reg[8][5]

  Ref  DFF        Name(Last) r:/WORK/fft_top/mem_32x16_0/mem_array_reg[8][6]
  Impl DFF        Name(Last) i:/WORK/fft_top/mem_32x16_0/mem_array_reg[8][6]

  Ref  DFF        Name(Last) r:/WORK/fft_top/mem_32x16_0/mem_array_reg[8][7]
  Impl DFF        Name(Last) i:/WORK/fft_top/mem_32x16_0/mem_array_reg[8][7]

  Ref  DFF        Name(Last) r:/WORK/fft_top/mem_32x16_0/mem_array_reg[8][8]
  Impl DFF        Name(Last) i:/WORK/fft_top/mem_32x16_0/mem_array_reg[8][8]

  Ref  DFF        Name(Last) r:/WORK/fft_top/mem_32x16_0/mem_array_reg[8][9]
  Impl DFF        Name(Last) i:/WORK/fft_top/mem_32x16_0/mem_array_reg[8][9]

  Ref  DFF        Name(Last) r:/WORK/fft_top/mem_32x16_0/mem_array_reg[9][0]
  Impl DFF        Name(Last) i:/WORK/fft_top/mem_32x16_0/mem_array_reg[9][0]

  Ref  DFF        Name(Last) r:/WORK/fft_top/mem_32x16_0/mem_array_reg[9][10]
  Impl DFF        Name(Last) i:/WORK/fft_top/mem_32x16_0/mem_array_reg[9][10]

  Ref  DFF        Name(Last) r:/WORK/fft_top/mem_32x16_0/mem_array_reg[9][11]
  Impl DFF        Name(Last) i:/WORK/fft_top/mem_32x16_0/mem_array_reg[9][11]

  Ref  DFF        Name(Last) r:/WORK/fft_top/mem_32x16_0/mem_array_reg[9][12]
  Impl DFF        Name(Last) i:/WORK/fft_top/mem_32x16_0/mem_array_reg[9][12]

  Ref  DFF        Name(Last) r:/WORK/fft_top/mem_32x16_0/mem_array_reg[9][13]
  Impl DFF        Name(Last) i:/WORK/fft_top/mem_32x16_0/mem_array_reg[9][13]

  Ref  DFF        Name(Last) r:/WORK/fft_top/mem_32x16_0/mem_array_reg[9][14]
  Impl DFF        Name(Last) i:/WORK/fft_top/mem_32x16_0/mem_array_reg[9][14]

  Ref  DFF        Name(Last) r:/WORK/fft_top/mem_32x16_0/mem_array_reg[9][15]
  Impl DFF        Name(Last) i:/WORK/fft_top/mem_32x16_0/mem_array_reg[9][15]

  Ref  DFF        Name(Last) r:/WORK/fft_top/mem_32x16_0/mem_array_reg[9][16]
  Impl DFF        Name(Last) i:/WORK/fft_top/mem_32x16_0/mem_array_reg[9][16]

  Ref  DFF        Name(Last) r:/WORK/fft_top/mem_32x16_0/mem_array_reg[9][17]
  Impl DFF        Name(Last) i:/WORK/fft_top/mem_32x16_0/mem_array_reg[9][17]

  Ref  DFF        Name(Last) r:/WORK/fft_top/mem_32x16_0/mem_array_reg[9][18]
  Impl DFF        Name(Last) i:/WORK/fft_top/mem_32x16_0/mem_array_reg[9][18]

  Ref  DFF        Name(Last) r:/WORK/fft_top/mem_32x16_0/mem_array_reg[9][19]
  Impl DFF        Name(Last) i:/WORK/fft_top/mem_32x16_0/mem_array_reg[9][19]

  Ref  DFF        Name(Last) r:/WORK/fft_top/mem_32x16_0/mem_array_reg[9][1]
  Impl DFF        Name(Last) i:/WORK/fft_top/mem_32x16_0/mem_array_reg[9][1]

  Ref  DFF        Name(Last) r:/WORK/fft_top/mem_32x16_0/mem_array_reg[9][20]
  Impl DFF        Name(Last) i:/WORK/fft_top/mem_32x16_0/mem_array_reg[9][20]

  Ref  DFF        Name(Last) r:/WORK/fft_top/mem_32x16_0/mem_array_reg[9][21]
  Impl DFF        Name(Last) i:/WORK/fft_top/mem_32x16_0/mem_array_reg[9][21]

  Ref  DFF        Name(Last) r:/WORK/fft_top/mem_32x16_0/mem_array_reg[9][22]
  Impl DFF        Name(Last) i:/WORK/fft_top/mem_32x16_0/mem_array_reg[9][22]

  Ref  DFF        Name(Last) r:/WORK/fft_top/mem_32x16_0/mem_array_reg[9][23]
  Impl DFF        Name(Last) i:/WORK/fft_top/mem_32x16_0/mem_array_reg[9][23]

  Ref  DFF        Name(Last) r:/WORK/fft_top/mem_32x16_0/mem_array_reg[9][24]
  Impl DFF        Name(Last) i:/WORK/fft_top/mem_32x16_0/mem_array_reg[9][24]

  Ref  DFF        Name(Last) r:/WORK/fft_top/mem_32x16_0/mem_array_reg[9][25]
  Impl DFF        Name(Last) i:/WORK/fft_top/mem_32x16_0/mem_array_reg[9][25]

  Ref  DFF        Name(Last) r:/WORK/fft_top/mem_32x16_0/mem_array_reg[9][26]
  Impl DFF        Name(Last) i:/WORK/fft_top/mem_32x16_0/mem_array_reg[9][26]

  Ref  DFF        Name(Last) r:/WORK/fft_top/mem_32x16_0/mem_array_reg[9][27]
  Impl DFF        Name(Last) i:/WORK/fft_top/mem_32x16_0/mem_array_reg[9][27]

  Ref  DFF        Name(Last) r:/WORK/fft_top/mem_32x16_0/mem_array_reg[9][28]
  Impl DFF        Name(Last) i:/WORK/fft_top/mem_32x16_0/mem_array_reg[9][28]

  Ref  DFF        Name(Last) r:/WORK/fft_top/mem_32x16_0/mem_array_reg[9][29]
  Impl DFF        Name(Last) i:/WORK/fft_top/mem_32x16_0/mem_array_reg[9][29]

  Ref  DFF        Name(Last) r:/WORK/fft_top/mem_32x16_0/mem_array_reg[9][2]
  Impl DFF        Name(Last) i:/WORK/fft_top/mem_32x16_0/mem_array_reg[9][2]

  Ref  DFF        Name(Last) r:/WORK/fft_top/mem_32x16_0/mem_array_reg[9][30]
  Impl DFF        Name(Last) i:/WORK/fft_top/mem_32x16_0/mem_array_reg[9][30]

  Ref  DFF        Name(Last) r:/WORK/fft_top/mem_32x16_0/mem_array_reg[9][31]
  Impl DFF        Name(Last) i:/WORK/fft_top/mem_32x16_0/mem_array_reg[9][31]

  Ref  DFF        Name(Last) r:/WORK/fft_top/mem_32x16_0/mem_array_reg[9][3]
  Impl DFF        Name(Last) i:/WORK/fft_top/mem_32x16_0/mem_array_reg[9][3]

  Ref  DFF        Name(Last) r:/WORK/fft_top/mem_32x16_0/mem_array_reg[9][4]
  Impl DFF        Name(Last) i:/WORK/fft_top/mem_32x16_0/mem_array_reg[9][4]

  Ref  DFF        Name(Last) r:/WORK/fft_top/mem_32x16_0/mem_array_reg[9][5]
  Impl DFF        Name(Last) i:/WORK/fft_top/mem_32x16_0/mem_array_reg[9][5]

  Ref  DFF        Name(Last) r:/WORK/fft_top/mem_32x16_0/mem_array_reg[9][6]
  Impl DFF        Name(Last) i:/WORK/fft_top/mem_32x16_0/mem_array_reg[9][6]

  Ref  DFF        Name(Last) r:/WORK/fft_top/mem_32x16_0/mem_array_reg[9][7]
  Impl DFF        Name(Last) i:/WORK/fft_top/mem_32x16_0/mem_array_reg[9][7]

  Ref  DFF        Name(Last) r:/WORK/fft_top/mem_32x16_0/mem_array_reg[9][8]
  Impl DFF        Name(Last) i:/WORK/fft_top/mem_32x16_0/mem_array_reg[9][8]

  Ref  DFF        Name(Last) r:/WORK/fft_top/mem_32x16_0/mem_array_reg[9][9]
  Impl DFF        Name(Last) i:/WORK/fft_top/mem_32x16_0/mem_array_reg[9][9]

  Ref  DFF        Name(Last) r:/WORK/fft_top/out_imag_F_reg[0]
  Impl DFF        Name(Last) i:/WORK/fft_top/out_imag_F_reg[0]

  Ref  DFF        Name(Last) r:/WORK/fft_top/out_imag_F_reg[10]
  Impl DFF        Name(Last) i:/WORK/fft_top/out_imag_F_reg[10]

  Ref  DFF        Name(Last) r:/WORK/fft_top/out_imag_F_reg[11]
  Impl DFF        Name(Last) i:/WORK/fft_top/out_imag_F_reg[11]

  Ref  DFF        Name(Last) r:/WORK/fft_top/out_imag_F_reg[12]
  Impl DFF        Name(Last) i:/WORK/fft_top/out_imag_F_reg[12]

  Ref  DFF        Name(Last) r:/WORK/fft_top/out_imag_F_reg[13]
  Impl DFF        Name(Last) i:/WORK/fft_top/out_imag_F_reg[13]

  Ref  DFF        Name(Last) r:/WORK/fft_top/out_imag_F_reg[14]
  Impl DFF        Name(Last) i:/WORK/fft_top/out_imag_F_reg[14]

  Ref  DFF        Name(Last) r:/WORK/fft_top/out_imag_F_reg[15]
  Impl DFF        Name(Last) i:/WORK/fft_top/out_imag_F_reg[15]

  Ref  DFF        Name(Last) r:/WORK/fft_top/out_imag_F_reg[1]
  Impl DFF        Name(Last) i:/WORK/fft_top/out_imag_F_reg[1]

  Ref  DFF        Name(Last) r:/WORK/fft_top/out_imag_F_reg[2]
  Impl DFF        Name(Last) i:/WORK/fft_top/out_imag_F_reg[2]

  Ref  DFF        Name(Last) r:/WORK/fft_top/out_imag_F_reg[3]
  Impl DFF        Name(Last) i:/WORK/fft_top/out_imag_F_reg[3]

  Ref  DFF        Name(Last) r:/WORK/fft_top/out_imag_F_reg[4]
  Impl DFF        Name(Last) i:/WORK/fft_top/out_imag_F_reg[4]

  Ref  DFF        Name(Last) r:/WORK/fft_top/out_imag_F_reg[5]
  Impl DFF        Name(Last) i:/WORK/fft_top/out_imag_F_reg[5]

  Ref  DFF        Name(Last) r:/WORK/fft_top/out_imag_F_reg[6]
  Impl DFF        Name(Last) i:/WORK/fft_top/out_imag_F_reg[6]

  Ref  DFF        Name(Last) r:/WORK/fft_top/out_imag_F_reg[7]
  Impl DFF        Name(Last) i:/WORK/fft_top/out_imag_F_reg[7]

  Ref  DFF        Name(Last) r:/WORK/fft_top/out_imag_F_reg[8]
  Impl DFF        Name(Last) i:/WORK/fft_top/out_imag_F_reg[8]

  Ref  DFF        Name(Last) r:/WORK/fft_top/out_imag_F_reg[9]
  Impl DFF        Name(Last) i:/WORK/fft_top/out_imag_F_reg[9]

  Ref  DFF        Name(Last) r:/WORK/fft_top/out_push_F_reg
  Impl DFF        Name(Last) i:/WORK/fft_top/out_push_F_reg

  Ref  DFF        Name(Last) r:/WORK/fft_top/out_real_F_reg[0]
  Impl DFF        Name(Last) i:/WORK/fft_top/out_real_F_reg[0]

  Ref  DFF        Name(Last) r:/WORK/fft_top/out_real_F_reg[10]
  Impl DFF        Name(Last) i:/WORK/fft_top/out_real_F_reg[10]

  Ref  DFF        Name(Last) r:/WORK/fft_top/out_real_F_reg[11]
  Impl DFF        Name(Last) i:/WORK/fft_top/out_real_F_reg[11]

  Ref  DFF        Name(Last) r:/WORK/fft_top/out_real_F_reg[12]
  Impl DFF        Name(Last) i:/WORK/fft_top/out_real_F_reg[12]

  Ref  DFF        Name(Last) r:/WORK/fft_top/out_real_F_reg[13]
  Impl DFF        Name(Last) i:/WORK/fft_top/out_real_F_reg[13]

  Ref  DFF        Name(Last) r:/WORK/fft_top/out_real_F_reg[14]
  Impl DFF        Name(Last) i:/WORK/fft_top/out_real_F_reg[14]

  Ref  DFF        Name(Last) r:/WORK/fft_top/out_real_F_reg[15]
  Impl DFF        Name(Last) i:/WORK/fft_top/out_real_F_reg[15]

  Ref  DFF        Name(Last) r:/WORK/fft_top/out_real_F_reg[1]
  Impl DFF        Name(Last) i:/WORK/fft_top/out_real_F_reg[1]

  Ref  DFF        Name(Last) r:/WORK/fft_top/out_real_F_reg[2]
  Impl DFF        Name(Last) i:/WORK/fft_top/out_real_F_reg[2]

  Ref  DFF        Name(Last) r:/WORK/fft_top/out_real_F_reg[3]
  Impl DFF        Name(Last) i:/WORK/fft_top/out_real_F_reg[3]

  Ref  DFF        Name(Last) r:/WORK/fft_top/out_real_F_reg[4]
  Impl DFF        Name(Last) i:/WORK/fft_top/out_real_F_reg[4]

  Ref  DFF        Name(Last) r:/WORK/fft_top/out_real_F_reg[5]
  Impl DFF        Name(Last) i:/WORK/fft_top/out_real_F_reg[5]

  Ref  DFF        Name(Last) r:/WORK/fft_top/out_real_F_reg[6]
  Impl DFF        Name(Last) i:/WORK/fft_top/out_real_F_reg[6]

  Ref  DFF        Name(Last) r:/WORK/fft_top/out_real_F_reg[7]
  Impl DFF        Name(Last) i:/WORK/fft_top/out_real_F_reg[7]

  Ref  DFF        Name(Last) r:/WORK/fft_top/out_real_F_reg[8]
  Impl DFF        Name(Last) i:/WORK/fft_top/out_real_F_reg[8]

  Ref  DFF        Name(Last) r:/WORK/fft_top/out_real_F_reg[9]
  Impl DFF        Name(Last) i:/WORK/fft_top/out_real_F_reg[9]

  Ref  Port       Name(Last) r:/WORK/fft_top/clk
  Impl Port       Name(Last) i:/WORK/fft_top/clk

  Ref  Port       Name(Last) r:/WORK/fft_top/in_imag[0]
  Impl Port       Name(Last) i:/WORK/fft_top/in_imag[0]

  Ref  Port       Name(Last) r:/WORK/fft_top/in_imag[10]
  Impl Port       Name(Last) i:/WORK/fft_top/in_imag[10]

  Ref  Port       Name(Last) r:/WORK/fft_top/in_imag[11]
  Impl Port       Name(Last) i:/WORK/fft_top/in_imag[11]

  Ref  Port       Name(Last) r:/WORK/fft_top/in_imag[12]
  Impl Port       Name(Last) i:/WORK/fft_top/in_imag[12]

  Ref  Port       Name(Last) r:/WORK/fft_top/in_imag[13]
  Impl Port       Name(Last) i:/WORK/fft_top/in_imag[13]

  Ref  Port       Name(Last) r:/WORK/fft_top/in_imag[14]
  Impl Port       Name(Last) i:/WORK/fft_top/in_imag[14]

  Ref  Port       Name(Last) r:/WORK/fft_top/in_imag[15]
  Impl Port       Name(Last) i:/WORK/fft_top/in_imag[15]

  Ref  Port       Name(Last) r:/WORK/fft_top/in_imag[1]
  Impl Port       Name(Last) i:/WORK/fft_top/in_imag[1]

  Ref  Port       Name(Last) r:/WORK/fft_top/in_imag[2]
  Impl Port       Name(Last) i:/WORK/fft_top/in_imag[2]

  Ref  Port       Name(Last) r:/WORK/fft_top/in_imag[3]
  Impl Port       Name(Last) i:/WORK/fft_top/in_imag[3]

  Ref  Port       Name(Last) r:/WORK/fft_top/in_imag[4]
  Impl Port       Name(Last) i:/WORK/fft_top/in_imag[4]

  Ref  Port       Name(Last) r:/WORK/fft_top/in_imag[5]
  Impl Port       Name(Last) i:/WORK/fft_top/in_imag[5]

  Ref  Port       Name(Last) r:/WORK/fft_top/in_imag[6]
  Impl Port       Name(Last) i:/WORK/fft_top/in_imag[6]

  Ref  Port       Name(Last) r:/WORK/fft_top/in_imag[7]
  Impl Port       Name(Last) i:/WORK/fft_top/in_imag[7]

  Ref  Port       Name(Last) r:/WORK/fft_top/in_imag[8]
  Impl Port       Name(Last) i:/WORK/fft_top/in_imag[8]

  Ref  Port       Name(Last) r:/WORK/fft_top/in_imag[9]
  Impl Port       Name(Last) i:/WORK/fft_top/in_imag[9]

  Ref  Port       Name(Last) r:/WORK/fft_top/in_push
  Impl Port       Name(Last) i:/WORK/fft_top/in_push

  Ref  Port       Name(Last) r:/WORK/fft_top/in_real[0]
  Impl Port       Name(Last) i:/WORK/fft_top/in_real[0]

  Ref  Port       Name(Last) r:/WORK/fft_top/in_real[10]
  Impl Port       Name(Last) i:/WORK/fft_top/in_real[10]

  Ref  Port       Name(Last) r:/WORK/fft_top/in_real[11]
  Impl Port       Name(Last) i:/WORK/fft_top/in_real[11]

  Ref  Port       Name(Last) r:/WORK/fft_top/in_real[12]
  Impl Port       Name(Last) i:/WORK/fft_top/in_real[12]

  Ref  Port       Name(Last) r:/WORK/fft_top/in_real[13]
  Impl Port       Name(Last) i:/WORK/fft_top/in_real[13]

  Ref  Port       Name(Last) r:/WORK/fft_top/in_real[14]
  Impl Port       Name(Last) i:/WORK/fft_top/in_real[14]

  Ref  Port       Name(Last) r:/WORK/fft_top/in_real[15]
  Impl Port       Name(Last) i:/WORK/fft_top/in_real[15]

  Ref  Port       Name(Last) r:/WORK/fft_top/in_real[1]
  Impl Port       Name(Last) i:/WORK/fft_top/in_real[1]

  Ref  Port       Name(Last) r:/WORK/fft_top/in_real[2]
  Impl Port       Name(Last) i:/WORK/fft_top/in_real[2]

  Ref  Port       Name(Last) r:/WORK/fft_top/in_real[3]
  Impl Port       Name(Last) i:/WORK/fft_top/in_real[3]

  Ref  Port       Name(Last) r:/WORK/fft_top/in_real[4]
  Impl Port       Name(Last) i:/WORK/fft_top/in_real[4]

  Ref  Port       Name(Last) r:/WORK/fft_top/in_real[5]
  Impl Port       Name(Last) i:/WORK/fft_top/in_real[5]

  Ref  Port       Name(Last) r:/WORK/fft_top/in_real[6]
  Impl Port       Name(Last) i:/WORK/fft_top/in_real[6]

  Ref  Port       Name(Last) r:/WORK/fft_top/in_real[7]
  Impl Port       Name(Last) i:/WORK/fft_top/in_real[7]

  Ref  Port       Name(Last) r:/WORK/fft_top/in_real[8]
  Impl Port       Name(Last) i:/WORK/fft_top/in_real[8]

  Ref  Port       Name(Last) r:/WORK/fft_top/in_real[9]
  Impl Port       Name(Last) i:/WORK/fft_top/in_real[9]

  Ref  Port       Name(Last) r:/WORK/fft_top/in_stall
  Impl Port       Name(Last) i:/WORK/fft_top/in_stall

  Ref  Port       Name(Last) r:/WORK/fft_top/out_imag_F[0]
  Impl Port       Name(Last) i:/WORK/fft_top/out_imag_F[0]

  Ref  Port       Name(Last) r:/WORK/fft_top/out_imag_F[10]
  Impl Port       Name(Last) i:/WORK/fft_top/out_imag_F[10]

  Ref  Port       Name(Last) r:/WORK/fft_top/out_imag_F[11]
  Impl Port       Name(Last) i:/WORK/fft_top/out_imag_F[11]

  Ref  Port       Name(Last) r:/WORK/fft_top/out_imag_F[12]
  Impl Port       Name(Last) i:/WORK/fft_top/out_imag_F[12]

  Ref  Port       Name(Last) r:/WORK/fft_top/out_imag_F[13]
  Impl Port       Name(Last) i:/WORK/fft_top/out_imag_F[13]

  Ref  Port       Name(Last) r:/WORK/fft_top/out_imag_F[14]
  Impl Port       Name(Last) i:/WORK/fft_top/out_imag_F[14]

  Ref  Port       Name(Last) r:/WORK/fft_top/out_imag_F[15]
  Impl Port       Name(Last) i:/WORK/fft_top/out_imag_F[15]

  Ref  Port       Name(Last) r:/WORK/fft_top/out_imag_F[1]
  Impl Port       Name(Last) i:/WORK/fft_top/out_imag_F[1]

  Ref  Port       Name(Last) r:/WORK/fft_top/out_imag_F[2]
  Impl Port       Name(Last) i:/WORK/fft_top/out_imag_F[2]

  Ref  Port       Name(Last) r:/WORK/fft_top/out_imag_F[3]
  Impl Port       Name(Last) i:/WORK/fft_top/out_imag_F[3]

  Ref  Port       Name(Last) r:/WORK/fft_top/out_imag_F[4]
  Impl Port       Name(Last) i:/WORK/fft_top/out_imag_F[4]

  Ref  Port       Name(Last) r:/WORK/fft_top/out_imag_F[5]
  Impl Port       Name(Last) i:/WORK/fft_top/out_imag_F[5]

  Ref  Port       Name(Last) r:/WORK/fft_top/out_imag_F[6]
  Impl Port       Name(Last) i:/WORK/fft_top/out_imag_F[6]

  Ref  Port       Name(Last) r:/WORK/fft_top/out_imag_F[7]
  Impl Port       Name(Last) i:/WORK/fft_top/out_imag_F[7]

  Ref  Port       Name(Last) r:/WORK/fft_top/out_imag_F[8]
  Impl Port       Name(Last) i:/WORK/fft_top/out_imag_F[8]

  Ref  Port       Name(Last) r:/WORK/fft_top/out_imag_F[9]
  Impl Port       Name(Last) i:/WORK/fft_top/out_imag_F[9]

  Ref  Port       Name(Last) r:/WORK/fft_top/out_push_F
  Impl Port       Name(Last) i:/WORK/fft_top/out_push_F

  Ref  Port       Name(Last) r:/WORK/fft_top/out_real_F[0]
  Impl Port       Name(Last) i:/WORK/fft_top/out_real_F[0]

  Ref  Port       Name(Last) r:/WORK/fft_top/out_real_F[10]
  Impl Port       Name(Last) i:/WORK/fft_top/out_real_F[10]

  Ref  Port       Name(Last) r:/WORK/fft_top/out_real_F[11]
  Impl Port       Name(Last) i:/WORK/fft_top/out_real_F[11]

  Ref  Port       Name(Last) r:/WORK/fft_top/out_real_F[12]
  Impl Port       Name(Last) i:/WORK/fft_top/out_real_F[12]

  Ref  Port       Name(Last) r:/WORK/fft_top/out_real_F[13]
  Impl Port       Name(Last) i:/WORK/fft_top/out_real_F[13]

  Ref  Port       Name(Last) r:/WORK/fft_top/out_real_F[14]
  Impl Port       Name(Last) i:/WORK/fft_top/out_real_F[14]

  Ref  Port       Name(Last) r:/WORK/fft_top/out_real_F[15]
  Impl Port       Name(Last) i:/WORK/fft_top/out_real_F[15]

  Ref  Port       Name(Last) r:/WORK/fft_top/out_real_F[1]
  Impl Port       Name(Last) i:/WORK/fft_top/out_real_F[1]

  Ref  Port       Name(Last) r:/WORK/fft_top/out_real_F[2]
  Impl Port       Name(Last) i:/WORK/fft_top/out_real_F[2]

  Ref  Port       Name(Last) r:/WORK/fft_top/out_real_F[3]
  Impl Port       Name(Last) i:/WORK/fft_top/out_real_F[3]

  Ref  Port       Name(Last) r:/WORK/fft_top/out_real_F[4]
  Impl Port       Name(Last) i:/WORK/fft_top/out_real_F[4]

  Ref  Port       Name(Last) r:/WORK/fft_top/out_real_F[5]
  Impl Port       Name(Last) i:/WORK/fft_top/out_real_F[5]

  Ref  Port       Name(Last) r:/WORK/fft_top/out_real_F[6]
  Impl Port       Name(Last) i:/WORK/fft_top/out_real_F[6]

  Ref  Port       Name(Last) r:/WORK/fft_top/out_real_F[7]
  Impl Port       Name(Last) i:/WORK/fft_top/out_real_F[7]

  Ref  Port       Name(Last) r:/WORK/fft_top/out_real_F[8]
  Impl Port       Name(Last) i:/WORK/fft_top/out_real_F[8]

  Ref  Port       Name(Last) r:/WORK/fft_top/out_real_F[9]
  Impl Port       Name(Last) i:/WORK/fft_top/out_real_F[9]

  Ref  Port       Name(Last) r:/WORK/fft_top/reset
  Impl Port       Name(Last) i:/WORK/fft_top/reset

 [BBNet: multiply-driven net
  BBox:  black-box
  BBPin: black-box pin
  Block: hierarchical block
  BlPin: hierarchical block pin
  Cut:   cut-point
  DFF:   non-constant DFF register
  DFF0:  constant 0 DFF register
  DFF1:  constant 1 DFF register
  DFFX:  constant X DFF register
  DFF0X: constrained 0X DFF register
  DFF1X: constrained 1X DFF register
  LAT:   non-constant latch register
  LAT0:  constant 0 latch register
  LAT1:  constant 1 latch register
  LATX:  constant X latch register
  LAT0X: constrained 0X latch register
  LAT1X: constrained 1X latch register
  LATCG: clock-gating latch register
  TLA:   transparent latch register
  TLA0X: transparent constrained 0X latch register
  TLA1X: transparent constrained 1X latch register
  Loop:  cycle break point
  Net:   matchable net
  Port:  primary (top-level) port
  Und:   undriven signal cut-point
  Unk:   unknown signal cut-point

  Func:  matched by function
  Name:  matched by name
  Topo:  matched by topology
  User:  matched by user

  Last:  matched during most recent matching]

1
